,trader,sym,date,time,exchange,side,quantity,price,wqp,account,src,settelpx,pandl
0,AG1357,SONH2,5,5,5,5,5,5,5,5,5,9993.5,5
1,AG1357,SONH2-SONM2,2,2,2,2,2,2,2,2,2,3.5,2
2,AG1357,SONH3,12,12,12,12,12,12,12,12,12,9971.5,12
3,AG1357,SONH4,7,7,7,7,7,7,7,7,7,9943.0,7
4,AG1357,SONM2,35,35,35,35,35,35,35,35,35,9990.0,35
5,AG1357,SONM2-SONU2,33,33,33,33,33,33,33,33,33,5.0,33
6,AG1357,SONU2,75,75,75,75,75,75,75,75,75,9985.0,75
7,AG1357,SONU2-SONZ2,42,42,42,42,42,42,42,42,42,6.5,42
8,AG1357,SONZ1,3,3,3,3,3,3,3,3,3,9994.5,3
9,AG1357,SONZ1-SONH2,3,3,3,3,3,3,3,3,3,1.0,3
10,AG1357,SONZ2,54,54,54,54,54,54,54,54,54,9978.5,54
11,AG1357,SONZ2-SONH3,12,12,12,12,12,12,12,12,12,7.0,12
12,AG1357,SONZ3,7,7,7,7,7,7,7,7,7,9949.5,7
13,AG1357,SONZ3-SONH4,7,7,7,7,7,7,7,7,7,6.5,7
14,AGUPTA,SNA+11Z-32H+32M-12U,1,1,1,1,1,1,1,1,1,,0
15,AGUPTA,SNA+12H-32M+32U-12Z,7,7,7,7,7,7,7,7,7,,0
16,AGUPTA,SNA+12U-32Z+33H-13M,3,3,3,3,3,3,3,3,3,,0
17,AGUPTA,SNA+12Z-33H+33M-13U,5,5,5,5,5,5,5,5,5,,0
18,AGUPTA,SNA-STGH22,3,3,3,3,3,3,3,3,3,,0
19,AGUPTA,SNA-STGH23,3,3,3,3,3,3,3,3,3,,0
20,AGUPTA,SNA-STGM21,76,76,76,76,76,76,76,76,76,,0
21,AGUPTA,SNA-STGM22,2,2,2,2,2,2,2,2,2,,0
22,AGUPTA,SNA-STGU21,3,3,3,3,3,3,3,3,3,,0
23,AGUPTA,SNA-STGU22,1,1,1,1,1,1,1,1,1,,0
24,AGUPTA,SNA-STGZ21,9,9,9,9,9,9,9,9,9,,0
25,AGUPTA,SNA-STGZ22,2,2,2,2,2,2,2,2,2,,2
26,AGUPTA,SNA:BF H23-M23-U23,1,1,1,1,1,1,1,1,1,,1
27,AGUPTA,SNA:BF U21-Z21-H22,1,1,1,1,1,1,1,1,1,,1
28,AGUPTA,SNA:BF Z22-H23-M23,1,1,1,1,1,1,1,1,1,,1
29,AGUPTA,SNAH22,17,17,17,17,17,17,17,17,17,99.925,17
30,AGUPTA,SNAH22-SNAM22,5,5,5,5,5,5,5,5,5,,0
31,AGUPTA,SNAH23,36,36,36,36,36,36,36,36,36,99.715,36
32,AGUPTA,SNAH23-SNAM23,12,12,12,12,12,12,12,12,12,,0
33,AGUPTA,SNAH27,2,2,2,2,2,2,2,2,2,98.95,2
34,AGUPTA,SNAM21,76,76,76,76,76,76,76,76,76,99.95,76
35,AGUPTA,SNAM22,34,34,34,34,34,34,34,34,34,99.89,34
36,AGUPTA,SNAM22-SNAU22,19,19,19,19,19,19,19,19,19,,0
37,AGUPTA,SNAM23,41,41,41,41,41,41,41,41,41,99.64,41
38,AGUPTA,SNAM23-SNAU23,19,19,19,19,19,19,19,19,19,,0
39,AGUPTA,SNAU21,4,4,4,4,4,4,4,4,4,99.955,4
40,AGUPTA,SNAU22,46,46,46,46,46,46,46,46,46,99.85,46
41,AGUPTA,SNAU22-SNAZ22,15,15,15,15,15,15,15,15,15,,0
42,AGUPTA,SNAU23,28,28,28,28,28,28,28,28,28,99.565,28
43,AGUPTA,SNAU23-SNAZ23,3,3,3,3,3,3,3,3,3,,0
44,AGUPTA,SNAZ21,11,11,11,11,11,11,11,11,11,99.945,11
45,AGUPTA,SNAZ22,43,43,43,43,43,43,43,43,43,99.79,43
46,AGUPTA,SNAZ22-SNAH23,10,10,10,10,10,10,10,10,10,,0
47,AGUPTA,SNAZ23,3,3,3,3,3,3,3,3,3,99.5,3
48,AGUPTA,SON+11Z-32H+32M-12U,1,1,1,1,1,1,1,1,1,,0
49,AGUPTA,SON+12H-32M+32U-12Z,10,10,10,10,10,10,10,10,10,,0
50,AGUPTA,SON+12M-32U+32Z-13H,1,1,1,1,1,1,1,1,1,,0
51,AGUPTA,SON+12U-32Z+33H-13M,4,4,4,4,4,4,4,4,4,,0
52,AGUPTA,SON+12Z-33H+33M-13U,5,5,5,5,5,5,5,5,5,,0
53,AGUPTA,SON-STLH22,3,3,3,3,3,3,3,3,3,,0
54,AGUPTA,SON-STLH23,3,3,3,3,3,3,3,3,3,,0
55,AGUPTA,SON-STLM21,76,76,76,76,76,76,76,76,76,,0
56,AGUPTA,SON-STLM22,2,2,2,2,2,2,2,2,2,,0
57,AGUPTA,SON-STLU21,3,3,3,3,3,3,3,3,3,,0
58,AGUPTA,SON-STLU22,1,1,1,1,1,1,1,1,1,,0
59,AGUPTA,SON-STLZ21,15,15,15,15,15,15,15,15,15,,0
60,AGUPTA,SON-STLZ22,4,4,4,4,4,4,4,4,4,,4
61,AGUPTA,SONH22,33,33,33,33,33,33,33,33,33,99.925,33
62,AGUPTA,SONH22-SONM22,15,15,15,15,15,15,15,15,15,,0
63,AGUPTA,SONH23,56,56,56,56,56,56,56,56,56,99.715,56
64,AGUPTA,SONH23-SONM23,14,14,14,14,14,14,14,14,14,,0
65,AGUPTA,SONH27,2,2,2,2,2,2,2,2,2,98.95,2
66,AGUPTA,SONM21,87,87,87,87,87,87,87,87,87,99.95,87
67,AGUPTA,SONM21-SONU21,11,11,11,11,11,11,11,11,11,,0
68,AGUPTA,SONM22,62,62,62,62,62,62,62,62,62,99.89,62
69,AGUPTA,SONM22-SONU22,31,31,31,31,31,31,31,31,31,,0
70,AGUPTA,SONM23,41,41,41,41,41,41,41,41,41,99.64,41
71,AGUPTA,SONM23-SONU23,18,18,18,18,18,18,18,18,18,,0
72,AGUPTA,SONM26,1,1,1,1,1,1,1,1,1,99.04,1
73,AGUPTA,SONU21,19,19,19,19,19,19,19,19,19,99.955,19
74,AGUPTA,SONU21-SONZ21,5,5,5,5,5,5,5,5,5,,0
75,AGUPTA,SONU22,85,85,85,85,85,85,85,85,85,99.85,85
76,AGUPTA,SONU22-SONZ22,37,37,37,37,37,37,37,37,37,,0
77,AGUPTA,SONU23,27,27,27,27,27,27,27,27,27,99.565,27
78,AGUPTA,SONU23-SONZ23,4,4,4,4,4,4,4,4,4,,0
79,AGUPTA,SONZ21,24,24,24,24,24,24,24,24,24,99.945,24
80,AGUPTA,SONZ21-SONH22,3,3,3,3,3,3,3,3,3,,0
81,AGUPTA,SONZ22,90,90,90,90,90,90,90,90,90,99.79,90
82,AGUPTA,SONZ22-SONH23,29,29,29,29,29,29,29,29,29,,0
83,AGUPTA,SONZ23,4,4,4,4,4,4,4,4,4,99.5,4
84,AGUPTA,STGH22,3,3,3,3,3,3,3,3,3,99.81,3
85,AGUPTA,STGH23,4,4,4,4,4,4,4,4,4,99.605,4
86,AGUPTA,STGH25,1,1,1,1,1,1,1,1,1,99.105,1
87,AGUPTA,STGM21,76,76,76,76,76,76,76,76,76,99.92,76
88,AGUPTA,STGM22,2,2,2,2,2,2,2,2,2,99.78,2
89,AGUPTA,STGU21,3,3,3,3,3,3,3,3,3,99.925,3
90,AGUPTA,STGU22,1,1,1,1,1,1,1,1,1,99.73,1
91,AGUPTA,STGZ21,9,9,9,9,9,9,9,9,9,99.89,9
92,AGUPTA,STGZ22,2,2,2,2,2,2,2,2,2,99.665,2
93,AGUPTA,STGZ24,1,1,1,1,1,1,1,1,1,99.145,1
94,AGUPTA,STLH22,3,3,3,3,3,3,3,3,3,99.81,3
95,AGUPTA,STLH23,3,3,3,3,3,3,3,3,3,99.605,3
96,AGUPTA,STLH25,1,1,1,1,1,1,1,1,1,99.105,1
97,AGUPTA,STLM21,76,76,76,76,76,76,76,76,76,99.92,76
98,AGUPTA,STLM22,2,2,2,2,2,2,2,2,2,99.78,2
99,AGUPTA,STLM23,2,2,2,2,2,2,2,2,2,99.525,2
100,AGUPTA,STLU21,3,3,3,3,3,3,3,3,3,99.925,3
101,AGUPTA,STLU22,1,1,1,1,1,1,1,1,1,99.73,1
102,AGUPTA,STLZ21,15,15,15,15,15,15,15,15,15,99.89,15
103,AGUPTA,STLZ22,4,4,4,4,4,4,4,4,4,99.665,4
104,AK1357,SONH2,1,1,1,1,1,1,1,1,1,9993.5,1
105,AK1357,SONH2-SONM2,1,1,1,1,1,1,1,1,1,3.5,1
106,AK1357,SONM2,1,1,1,1,1,1,1,1,1,9990.0,1
107,AK1357,SONU3,1,1,1,1,1,1,1,1,1,9956.5,1
108,AK1357,SONU3-SONZ3,1,1,1,1,1,1,1,1,1,7.0,1
109,AK1357,SONZ3,1,1,1,1,1,1,1,1,1,9949.5,1
110,AKUMAR,SNA-STGM22,3,3,3,3,3,3,3,3,3,,0
111,AKUMAR,SNA-STGU22,2,2,2,2,2,2,2,2,2,,0
112,AKUMAR,SNA-STGZ21,3,3,3,3,3,3,3,3,3,,0
113,AKUMAR,SNAM22,3,3,3,3,3,3,3,3,3,99.89,3
114,AKUMAR,SNAM26,4,4,4,4,4,4,4,4,4,99.04,4
115,AKUMAR,SNAU22,2,2,2,2,2,2,2,2,2,99.85,2
116,AKUMAR,SNAZ21,3,3,3,3,3,3,3,3,3,99.945,3
117,AKUMAR,SNAZ26,1,1,1,1,1,1,1,1,1,98.975,1
118,AKUMAR,SON+12Z-33H+33M-13U,1,1,1,1,1,1,1,1,1,,0
119,AKUMAR,SON-STLM22,3,3,3,3,3,3,3,3,3,,0
120,AKUMAR,SON-STLU21,5,5,5,5,5,5,5,5,5,,0
121,AKUMAR,SON-STLU22,2,2,2,2,2,2,2,2,2,,0
122,AKUMAR,SON-STLZ21,2,2,2,2,2,2,2,2,2,,0
123,AKUMAR,SON:BF H23-M23-U23,1,1,1,1,1,1,1,1,1,,0
124,AKUMAR,SON:BF Z22-H23-M23,2,2,2,2,2,2,2,2,2,,0
125,AKUMAR,SONH23,4,4,4,4,4,4,4,4,4,99.715,4
126,AKUMAR,SONM22,3,3,3,3,3,3,3,3,3,99.89,3
127,AKUMAR,SONM23,4,4,4,4,4,4,4,4,4,99.64,4
128,AKUMAR,SONU21,5,5,5,5,5,5,5,5,5,99.955,5
129,AKUMAR,SONU22,2,2,2,2,2,2,2,2,2,99.85,2
130,AKUMAR,SONU23,2,2,2,2,2,2,2,2,2,99.565,2
131,AKUMAR,SONZ21,2,2,2,2,2,2,2,2,2,99.945,2
132,AKUMAR,SONZ22,3,3,3,3,3,3,3,3,3,99.79,3
133,AKUMAR,SONZ26,1,1,1,1,1,1,1,1,1,98.975,1
134,AKUMAR,STG+11M-31U+31Z-12H,1,1,1,1,1,1,1,1,1,,0
135,AKUMAR,STG+11U-31Z+32H-12M,22,22,22,22,22,22,22,22,22,,0
136,AKUMAR,STG+12M-32U+32Z-13H,5,5,5,5,5,5,5,5,5,,0
137,AKUMAR,STG+12U-32Z+33H-13M,1,1,1,1,1,1,1,1,1,,0
138,AKUMAR,STG+12Z-33H+33M-13U,1,1,1,1,1,1,1,1,1,,0
139,AKUMAR,STG+13Z-34H+34M-14U,5,5,5,5,5,5,5,5,5,,0
140,AKUMAR,STG+14H-34M+34U-14Z,11,11,11,11,11,11,11,11,11,,0
141,AKUMAR,STGH22,23,23,23,23,23,23,23,23,23,99.81,23
142,AKUMAR,STGH23,7,7,7,7,7,7,7,7,7,99.605,7
143,AKUMAR,STGH24,16,16,16,16,16,16,16,16,16,99.32,16
144,AKUMAR,STGH25,2,2,2,2,2,2,2,2,2,99.105,2
145,AKUMAR,STGH27,1,1,1,1,1,1,1,1,1,98.82,1
146,AKUMAR,STGM21,1,1,1,1,1,1,1,1,1,99.92,1
147,AKUMAR,STGM22,30,30,30,30,30,30,30,30,30,99.78,30
148,AKUMAR,STGM23,3,3,3,3,3,3,3,3,3,99.525,3
149,AKUMAR,STGM24,16,16,16,16,16,16,16,16,16,99.25,16
150,AKUMAR,STGM26,1,1,1,1,1,1,1,1,1,98.92,1
151,AKUMAR,STGU21,23,23,23,23,23,23,23,23,23,99.925,23
152,AKUMAR,STGU22,8,8,8,8,8,8,8,8,8,99.73,8
153,AKUMAR,STGU23,1,1,1,1,1,1,1,1,1,99.445,1
154,AKUMAR,STGU24,17,17,17,17,17,17,17,17,17,99.19,17
155,AKUMAR,STGZ21,26,26,26,26,26,26,26,26,26,99.89,26
156,AKUMAR,STGZ22,7,7,7,7,7,7,7,7,7,99.665,7
157,AKUMAR,STGZ23,8,8,8,8,8,8,8,8,8,99.38,8
158,AKUMAR,STGZ24,11,11,11,11,11,11,11,11,11,99.145,11
159,AKUMAR,STGZ25,1,1,1,1,1,1,1,1,1,98.99,1
160,AKUMAR,STL+11M-31U+31Z-12H,1,1,1,1,1,1,1,1,1,,0
161,AKUMAR,STL+11U-31Z+32H-12M,19,19,19,19,19,19,19,19,19,,0
162,AKUMAR,STL+12H-32M+32U-12Z,6,6,6,6,6,6,6,6,6,,0
163,AKUMAR,STL+12M-32U+32Z-13H,11,11,11,11,11,11,11,11,11,,0
164,AKUMAR,STL+12U-32Z+33H-13M,1,1,1,1,1,1,1,1,1,,0
165,AKUMAR,STL+12Z-33H+33M-13U,2,2,2,2,2,2,2,2,2,,0
166,AKUMAR,STL+13Z-34H+34M-14U,6,6,6,6,6,6,6,6,6,,0
167,AKUMAR,STL+14H-34M+34U-14Z,9,9,9,9,9,9,9,9,9,,0
168,AKUMAR,STLH22,26,26,26,26,26,26,26,26,26,99.81,26
169,AKUMAR,STLH23,19,19,19,19,19,19,19,19,19,99.605,19
170,AKUMAR,STLH24,22,22,22,22,22,22,22,22,22,99.32,22
171,AKUMAR,STLH24-STLU24,6,6,6,6,6,6,6,6,6,,0
172,AKUMAR,STLH25,5,5,5,5,5,5,5,5,5,99.105,5
173,AKUMAR,STLH26,1,1,1,1,1,1,1,1,1,98.955,1
174,AKUMAR,STLM21,1,1,1,1,1,1,1,1,1,99.92,1
175,AKUMAR,STLM22,40,40,40,40,40,40,40,40,40,99.78,40
176,AKUMAR,STLM23,4,4,4,4,4,4,4,4,4,99.525,4
177,AKUMAR,STLM24,16,16,16,16,16,16,16,16,16,99.25,16
178,AKUMAR,STLU21,25,25,25,25,25,25,25,25,25,99.925,25
179,AKUMAR,STLU22,21,21,21,21,21,21,21,21,21,99.73,21
180,AKUMAR,STLU22-STLH23,1,1,1,1,1,1,1,1,1,,0
181,AKUMAR,STLU23,2,2,2,2,2,2,2,2,2,99.445,2
182,AKUMAR,STLU24,24,24,24,24,24,24,24,24,24,99.19,24
183,AKUMAR,STLZ21,23,23,23,23,23,23,23,23,23,99.89,23
184,AKUMAR,STLZ22,24,24,24,24,24,24,24,24,24,99.665,24
185,AKUMAR,STLZ22-STLH23,4,4,4,4,4,4,4,4,4,,0
186,AKUMAR,STLZ23,7,7,7,7,7,7,7,7,7,99.38,7
187,AKUMAR,STLZ24,12,12,12,12,12,12,12,12,12,99.145,12
188,AM1057,BTCJ1,5,5,5,5,5,5,5,5,5,63840.0,5
189,AM1057,BTCK1,5,5,5,5,5,5,5,5,5,64305.0,5
190,AM1057,SONH2,4,4,4,4,4,4,4,4,4,9993.5,4
191,AM1057,SONH2-SONM2,1,1,1,1,1,1,1,1,1,3.5,1
192,AM1057,SONH3,24,24,24,24,24,24,24,24,24,9971.5,24
193,AM1057,SONH3-SONM3,1,1,1,1,1,1,1,1,1,7.5,1
194,AM1057,SONH4,5,5,5,5,5,5,5,5,5,9943.0,5
195,AM1057,SONM2,1,1,1,1,1,1,1,1,1,9990.0,1
196,AM1057,SONM3,3,3,3,3,3,3,3,3,3,9964.0,3
197,AM1057,SONM3-SONU3,2,2,2,2,2,2,2,2,2,,2
198,AM1057,SONU1,5,5,5,5,5,5,5,5,5,,5
199,AM1057,SONU1-SONZ1,5,5,5,5,5,5,5,5,5,,5
200,AM1057,SONU2,14,14,14,14,14,14,14,14,14,9985.0,14
201,AM1057,SONU2-SONZ2,14,14,14,14,14,14,14,14,14,6.5,14
202,AM1057,SONU3,3,3,3,3,3,3,3,3,3,9956.5,3
203,AM1057,SONU3-SONZ3,1,1,1,1,1,1,1,1,1,7.0,1
204,AM1057,SONZ1,8,8,8,8,8,8,8,8,8,9994.5,8
205,AM1057,SONZ1-SONH2,3,3,3,3,3,3,3,3,3,1.0,3
206,AM1057,SONZ2,37,37,37,37,37,37,37,37,37,9978.5,37
207,AM1057,SONZ2-SONH3,23,23,23,23,23,23,23,23,23,7.0,23
208,AM1057,SONZ3,6,6,6,6,6,6,6,6,6,9949.5,6
209,AM1057,SONZ3-SONH4,5,5,5,5,5,5,5,5,5,6.5,5
210,AMENON,STG+11M-31U+31Z-12H,2,2,2,2,2,2,2,2,2,,0
211,AMENON,STG+11U-31Z+32H-12M,16,16,16,16,16,16,16,16,16,,0
212,AMENON,STG+12M-32U+32Z-13H,7,7,7,7,7,7,7,7,7,,0
213,AMENON,STG+12Z-33H+33M-13U,4,4,4,4,4,4,4,4,4,,0
214,AMENON,STG+13H-33M+33U-13Z,1,1,1,1,1,1,1,1,1,,0
215,AMENON,STG+13U-33Z+34H-14M,1,1,1,1,1,1,1,1,1,,0
216,AMENON,STG+13Z-34H+34M-14U,2,2,2,2,2,2,2,2,2,,0
217,AMENON,STG+14H-34M+34U-14Z,1,1,1,1,1,1,1,1,1,,0
218,AMENON,STG+14M-34U+34Z-15H,4,4,4,4,4,4,4,4,4,,0
219,AMENON,STGH22,18,18,18,18,18,18,18,18,18,99.81,18
220,AMENON,STGH23,12,12,12,12,12,12,12,12,12,99.605,12
221,AMENON,STGH24,4,4,4,4,4,4,4,4,4,99.32,4
222,AMENON,STGH25,4,4,4,4,4,4,4,4,4,99.105,4
223,AMENON,STGM21,2,2,2,2,2,2,2,2,2,99.92,2
224,AMENON,STGM22,23,23,23,23,23,23,23,23,23,99.78,23
225,AMENON,STGM23,5,5,5,5,5,5,5,5,5,99.525,5
226,AMENON,STGM24,8,8,8,8,8,8,8,8,8,99.25,8
227,AMENON,STGU21,18,18,18,18,18,18,18,18,18,99.925,18
228,AMENON,STGU22,7,7,7,7,7,7,7,7,7,99.73,7
229,AMENON,STGU23,6,6,6,6,6,6,6,6,6,99.445,6
230,AMENON,STGU24,7,7,7,7,7,7,7,7,7,99.19,7
231,AMENON,STGZ21,18,18,18,18,18,18,18,18,18,99.89,18
232,AMENON,STGZ22,11,11,11,11,11,11,11,11,11,99.665,11
233,AMENON,STGZ23,4,4,4,4,4,4,4,4,4,99.38,4
234,AMENON,STGZ24,5,5,5,5,5,5,5,5,5,99.145,5
235,AMENON,STL+11M-31U+31Z-12H,1,1,1,1,1,1,1,1,1,,0
236,AMENON,STL+11U-31Z+32H-12M,20,20,20,20,20,20,20,20,20,,0
237,AMENON,STL+12H-32M+32U-12Z,6,6,6,6,6,6,6,6,6,,0
238,AMENON,STL+12M-32U+32Z-13H,16,16,16,16,16,16,16,16,16,,0
239,AMENON,STL+12U-32Z+33H-13M,1,1,1,1,1,1,1,1,1,,0
240,AMENON,STL+12Z-33H+33M-13U,9,9,9,9,9,9,9,9,9,,0
241,AMENON,STL+13H-33M+33U-13Z,2,2,2,2,2,2,2,2,2,,0
242,AMENON,STL+13M-33U+33Z-14H,1,1,1,1,1,1,1,1,1,,0
243,AMENON,STL+13U-33Z+34H-14M,2,2,2,2,2,2,2,2,2,,0
244,AMENON,STL+13Z-34H+34M-14U,7,7,7,7,7,7,7,7,7,,0
245,AMENON,STL+14H-34M+34U-14Z,1,1,1,1,1,1,1,1,1,,0
246,AMENON,STL+14M-34U+34Z-15H,4,4,4,4,4,4,4,4,4,,0
247,AMENON,STL+14Z-35H+35M-15U,5,5,5,5,5,5,5,5,5,,0
248,AMENON,STL:BF M21-U21-Z21,2,2,2,2,2,2,2,2,2,,0
249,AMENON,STL:BF U21-Z21-H22,1,1,1,1,1,1,1,1,1,,0
250,AMENON,STL:BF Z21-H22-M22,2,2,2,2,2,2,2,2,2,,0
251,AMENON,STLH22,30,30,30,30,30,30,30,30,30,99.81,30
252,AMENON,STLH23,28,28,28,28,28,28,28,28,28,99.605,28
253,AMENON,STLH24,14,14,14,14,14,14,14,14,14,99.32,14
254,AMENON,STLH24-STLM24,3,3,3,3,3,3,3,3,3,,3
255,AMENON,STLH25,15,15,15,15,15,15,15,15,15,99.105,15
256,AMENON,STLM21,3,3,3,3,3,3,3,3,3,99.92,3
257,AMENON,STLM22,49,49,49,49,49,49,49,49,49,99.78,49
258,AMENON,STLM22-STLU22,5,5,5,5,5,5,5,5,5,,0
259,AMENON,STLM23,13,13,13,13,13,13,13,13,13,99.525,13
260,AMENON,STLM24,17,17,17,17,17,17,17,17,17,99.25,17
261,AMENON,STLM25,5,5,5,5,5,5,5,5,5,,5
262,AMENON,STLU21,24,24,24,24,24,24,24,24,24,99.925,24
263,AMENON,STLU22,29,29,29,29,29,29,29,29,29,99.73,29
264,AMENON,STLU22-STLZ22,1,1,1,1,1,1,1,1,1,,1
265,AMENON,STLU23,14,14,14,14,14,14,14,14,14,99.445,14
266,AMENON,STLU24,19,19,19,19,19,19,19,19,19,99.19,19
267,AMENON,STLU24-STLH25,6,6,6,6,6,6,6,6,6,,0
268,AMENON,STLU25,5,5,5,5,5,5,5,5,5,,5
269,AMENON,STLZ21,26,26,26,26,26,26,26,26,26,99.89,26
270,AMENON,STLZ22,33,33,33,33,33,33,33,33,33,99.665,33
271,AMENON,STLZ23,13,13,13,13,13,13,13,13,13,99.38,13
272,AMENON,STLZ23-STLU24,1,1,1,1,1,1,1,1,1,,1
273,AMENON,STLZ24,11,11,11,11,11,11,11,11,11,99.145,11
274,ARB01057EK,BTCJ1,16,16,16,16,16,16,16,16,16,63840.0,16
275,ARB01057EK,BTCJ1-BTCK1,1,1,1,1,1,1,1,1,1,465.0,1
276,ARB01057EK,BTCK1,11,11,11,11,11,11,11,11,11,64305.0,11
277,ARB01057EK,H2OJ1,3,3,3,3,3,3,3,3,3,80000.0,0
278,ARB01057EK,H2OK1,8,8,8,8,8,8,8,8,8,84300.0,8
279,CA1057,GE:FB 05Y M1,1,1,1,1,1,1,1,1,1,0.0,1
280,CA1057,GEH2,11,11,11,11,11,11,11,11,11,9978.0,11
281,CA1057,GEH3,5,5,5,5,5,5,5,5,5,9949.5,5
282,CA1057,GEH4,2,2,2,2,2,2,2,2,2,9886.0,2
283,CA1057,GEH5,1,1,1,1,1,1,1,1,1,9835.5,1
284,CA1057,GEH6,1,1,1,1,1,1,1,1,1,9800.5,1
285,CA1057,GEM1,5,5,5,5,5,5,5,5,5,9981.5,5
286,CA1057,GEM2,6,6,6,6,6,6,6,6,6,9973.5,6
287,CA1057,GEM3,4,4,4,4,4,4,4,4,4,9936.0,4
288,CA1057,GEM4,1,1,1,1,1,1,1,1,1,9871.5,1
289,CA1057,GEM5,1,1,1,1,1,1,1,1,1,9825.5,1
290,CA1057,GEU1,3,3,3,3,3,3,3,3,3,9981.0,3
291,CA1057,GEU2,21,21,21,21,21,21,21,21,21,9967.5,21
292,CA1057,GEU3,1,1,1,1,1,1,1,1,1,9914.5,1
293,CA1057,GEU4,1,1,1,1,1,1,1,1,1,9857.5,1
294,CA1057,GEU5,1,1,1,1,1,1,1,1,1,9817.0,1
295,CA1057,GEZ1,5,5,5,5,5,5,5,5,5,9974.5,5
296,CA1057,GEZ2,12,12,12,12,12,12,12,12,12,9957.5,12
297,CA1057,GEZ3,4,4,4,4,4,4,4,4,4,9900.5,4
298,CA1057,GEZ4,1,1,1,1,1,1,1,1,1,9845.5,1
299,CA1057,GEZ5,1,1,1,1,1,1,1,1,1,9807.5,1
300,CA1057,LIWM21,1,1,1,1,1,1,1,1,1,978425.0,1
301,CA1057,SR1F2,33,33,33,33,33,33,33,33,33,9994.0,33
302,CA1057,SR1F2-ZQF2,12,12,12,12,12,12,12,12,12,3.5,12
303,CA1057,SR1J1,218,218,218,218,218,218,218,218,218,9998.75,218
304,CA1057,SR1J1-SR1K1,41,41,41,41,41,41,41,41,41,1.75,41
305,CA1057,SR1J1-ZQJ1,1,1,1,1,1,1,1,1,1,5.5,1
306,CA1057,SR1K1,96,96,96,96,96,96,96,96,96,9997.0,96
307,CA1057,SR1K1-SR1M1,37,37,37,37,37,37,37,37,37,1.0,37
308,CA1057,SR1K1-ZQK1,1,1,1,1,1,1,1,1,1,,1
309,CA1057,SR1M1,82,82,82,82,82,82,82,82,82,9996.0,82
310,CA1057,SR1M1-ZQM1,2,2,2,2,2,2,2,2,2,4.5,2
311,CA1057,SR1N1,30,30,30,30,30,30,30,30,30,9996.0,30
312,CA1057,SR1N1-SR1Q1,1,1,1,1,1,1,1,1,1,,1
313,CA1057,SR1N1-ZQN1,1,1,1,1,1,1,1,1,1,5.0,1
314,CA1057,SR1Q1,6,6,6,6,6,6,6,6,6,9995.5,6
315,CA1057,SR1Q1-SR1U1,2,2,2,2,2,2,2,2,2,0.0,2
316,CA1057,SR1U1,21,21,21,21,21,21,21,21,21,9995.5,21
317,CA1057,SR1U1-SR1V1,16,16,16,16,16,16,16,16,16,,16
318,CA1057,SR1U1-ZQU1,2,2,2,2,2,2,2,2,2,4.5,2
319,CA1057,SR1V1,29,29,29,29,29,29,29,29,29,9995.5,29
320,CA1057,SR1V1-SR1X1,2,2,2,2,2,2,2,2,2,,2
321,CA1057,SR1V1-ZQV1,4,4,4,4,4,4,4,4,4,4.5,4
322,CA1057,SR1X1,8,8,8,8,8,8,8,8,8,9995.0,8
323,CA1057,SR1X1-ZQX1,1,1,1,1,1,1,1,1,1,4.0,1
324,CA1057,SR1Z1,1,1,1,1,1,1,1,1,1,9994.0,1
325,CA1057,SR3:AB 01Y M1,2,2,2,2,2,2,2,2,2,9994.5,2
326,CA1057,SR3:AB 01Y M2,1,1,1,1,1,1,1,1,1,9979.75,1
327,CA1057,SR3H2,83,83,83,83,83,83,83,83,83,9992.5,83
328,CA1057,SR3H2-GEH2,8,8,8,8,8,8,8,8,8,14.5,8
329,CA1057,SR3H2-SR3M2,60,60,60,60,60,60,60,60,60,3.5,60
330,CA1057,SR3H3,30,30,30,30,30,30,30,30,30,9967.5,30
331,CA1057,SR3H3-GEH3,3,3,3,3,3,3,3,3,3,18.0,3
332,CA1057,SR3H4,1,1,1,1,1,1,1,1,1,9911.5,1
333,CA1057,SR3M1,18,18,18,18,18,18,18,18,18,9996.0,18
334,CA1057,SR3M1-GEM1,4,4,4,4,4,4,4,4,4,14.5,4
335,CA1057,SR3M1-SR3U1,10,10,10,10,10,10,10,10,10,1.0,10
336,CA1057,SR3M2,123,123,123,123,123,123,123,123,123,9989.0,123
337,CA1057,SR3M2-GEM2,4,4,4,4,4,4,4,4,4,15.5,4
338,CA1057,SR3M2-SR3U2,23,23,23,23,23,23,23,23,23,4.5,23
339,CA1057,SR3M3,3,3,3,3,3,3,3,3,3,9954.5,3
340,CA1057,SR3M3-GEM3,2,2,2,2,2,2,2,2,2,,2
341,CA1057,SR3U1,62,62,62,62,62,62,62,62,62,9995.0,62
342,CA1057,SR3U1-GEU1,2,2,2,2,2,2,2,2,2,14.0,2
343,CA1057,SR3U1-SR3Z1,38,38,38,38,38,38,38,38,38,1.0,38
344,CA1057,SR3U2,174,174,174,174,174,174,174,174,174,9984.5,174
345,CA1057,SR3U2-GEU2,13,13,13,13,13,13,13,13,13,17.0,13
346,CA1057,SR3U2-SR3Z2,126,126,126,126,126,126,126,126,126,7.0,126
347,CA1057,SR3Z1,75,75,75,75,75,75,75,75,75,9994.0,75
348,CA1057,SR3Z1-GEZ1,3,3,3,3,3,3,3,3,3,19.5,3
349,CA1057,SR3Z1-SR3H2,2,2,2,2,2,2,2,2,2,1.5,2
350,CA1057,SR3Z2,154,154,154,154,154,154,154,154,154,9977.5,154
351,CA1057,SR3Z2-GEZ2,9,9,9,9,9,9,9,9,9,20.0,9
352,CA1057,SR3Z2-SR3H3,15,15,15,15,15,15,15,15,15,10.0,15
353,CA1057,SR3Z3,3,3,3,3,3,3,3,3,3,9926.0,3
354,CA1057,SR3Z3-GEZ3,2,2,2,2,2,2,2,2,2,25.5,2
355,CA1057,YIAM21,1,1,1,1,1,1,1,1,1,999437.0,1
356,CA1057,YITM21,1,1,1,1,1,1,1,1,1,997325.0,1
357,CA1057,ZQF2,12,12,12,12,12,12,12,12,12,9990.5,12
358,CA1057,ZQJ1,2,2,2,2,2,2,2,2,2,9993.25,2
359,CA1057,ZQK1,2,2,2,2,2,2,2,2,2,,2
360,CA1057,ZQM1,4,4,4,4,4,4,4,4,4,9991.5,4
361,CA1057,ZQN1,1,1,1,1,1,1,1,1,1,9991.0,1
362,CA1057,ZQU1,2,2,2,2,2,2,2,2,2,9991.0,2
363,CA1057,ZQU2,7,7,7,7,7,7,7,7,7,9984.5,7
364,CA1057,ZQV1,4,4,4,4,4,4,4,4,4,9991.0,4
365,CA1057,ZQX1,1,1,1,1,1,1,1,1,1,9991.0,1
366,CA1057,ZQZ1,1,1,1,1,1,1,1,1,1,9991.0,1
367,CSCHMIDT,F1UM1,7,7,7,7,7,7,7,7,7,97.828125,7
368,CSCHMIDT,GE:FB 03Y M1,1,1,1,1,1,1,1,1,1,0.0,1
369,CSCHMIDT,GE:FB 05Y M1,20,20,20,20,20,20,20,20,20,0.0,20
370,CSCHMIDT,GE:PB M3-M4-M5,79,79,79,79,79,79,79,79,79,0.0,79
371,CSCHMIDT,GE:PK 01Y M1,1,1,1,1,1,1,1,1,1,0.0,1
372,CSCHMIDT,GE:PK 01Y M3,17,17,17,17,17,17,17,17,17,0.0,17
373,CSCHMIDT,GE:PK 01Y M4,34,34,34,34,34,34,34,34,34,0.0,34
374,CSCHMIDT,GE:PK 01Y M5,2,2,2,2,2,2,2,2,2,0.0,2
375,CSCHMIDT,GE:PS M3-M4,8,8,8,8,8,8,8,8,8,0.0,8
376,CSCHMIDT,GE:PS M4-M5,4,4,4,4,4,4,4,4,4,0.0,4
377,CSCHMIDT,GEH2,22,22,22,22,22,22,22,22,22,9978.0,22
378,CSCHMIDT,GEH3,22,22,22,22,22,22,22,22,22,9949.5,22
379,CSCHMIDT,GEH4,126,126,126,126,126,126,126,126,126,9886.0,126
380,CSCHMIDT,GEH5,148,148,148,148,148,148,148,148,148,9835.5,148
381,CSCHMIDT,GEH6,108,108,108,108,108,108,108,108,108,9800.5,108
382,CSCHMIDT,GEM1,22,22,22,22,22,22,22,22,22,9981.5,22
383,CSCHMIDT,GEM2,23,23,23,23,23,23,23,23,23,9973.5,23
384,CSCHMIDT,GEM3,127,127,127,127,127,127,127,127,127,9936.0,127
385,CSCHMIDT,GEM4,148,148,148,148,148,148,148,148,148,9871.5,148
386,CSCHMIDT,GEM5,106,106,106,106,106,106,106,106,106,9825.5,106
387,CSCHMIDT,GEU1,22,22,22,22,22,22,22,22,22,9981.0,22
388,CSCHMIDT,GEU2,22,22,22,22,22,22,22,22,22,9967.5,22
389,CSCHMIDT,GEU3,127,127,127,127,127,127,127,127,127,9914.5,127
390,CSCHMIDT,GEU4,148,148,148,148,148,148,148,148,148,9857.5,148
391,CSCHMIDT,GEU5,107,107,107,107,107,107,107,107,107,9817.0,107
392,CSCHMIDT,GEZ1,22,22,22,22,22,22,22,22,22,9974.5,22
393,CSCHMIDT,GEZ2,23,23,23,23,23,23,23,23,23,9957.5,23
394,CSCHMIDT,GEZ3,127,127,127,127,127,127,127,127,127,9900.5,127
395,CSCHMIDT,GEZ4,148,148,148,148,148,148,148,148,148,9845.5,148
396,CSCHMIDT,GEZ5,106,106,106,106,106,106,106,106,106,9807.5,106
397,CSCHMIDT,LIWM21,6,6,6,6,6,6,6,6,6,978425.0,6
398,CSCHMIDT,SF3:PACK:M21,16,16,16,16,16,16,16,16,16,0.0,16
399,CSCHMIDT,SF3:PACK:M22,5,5,5,5,5,5,5,5,5,0.0,5
400,CSCHMIDT,SF3H2,21,21,21,21,21,21,21,21,21,99.9225,21
401,CSCHMIDT,SF3H3,5,5,5,5,5,5,5,5,5,99.67,5
402,CSCHMIDT,SF3M1,16,16,16,16,16,16,16,16,16,99.96,16
403,CSCHMIDT,SF3M2,5,5,5,5,5,5,5,5,5,99.8875,5
404,CSCHMIDT,SF3U1,16,16,16,16,16,16,16,16,16,99.9525,16
405,CSCHMIDT,SF3U2,5,5,5,5,5,5,5,5,5,99.84,5
406,CSCHMIDT,SF3Z1,20,20,20,20,20,20,20,20,20,99.9375,20
407,CSCHMIDT,SF3Z2,5,5,5,5,5,5,5,5,5,99.7725,5
408,CSCHMIDT,SR3:AB 01Y M1,285,285,285,285,285,285,285,285,285,9994.5,285
409,CSCHMIDT,SR3:AB 01Y M2,4,4,4,4,4,4,4,4,4,9979.75,4
410,CSCHMIDT,SR3:AB 01Y M3,4,4,4,4,4,4,4,4,4,9933.0,4
411,CSCHMIDT,SR3:AB 02Y M1,3,3,3,3,3,3,3,3,3,9987.0,3
412,CSCHMIDT,SR3H2,288,288,288,288,288,288,288,288,288,9992.5,288
413,CSCHMIDT,SR3H3,9,9,9,9,9,9,9,9,9,9967.5,9
414,CSCHMIDT,SR3H4,5,5,5,5,5,5,5,5,5,9911.5,5
415,CSCHMIDT,SR3M1,292,292,292,292,292,292,292,292,292,9996.0,292
416,CSCHMIDT,SR3M2,12,12,12,12,12,12,12,12,12,9989.0,12
417,CSCHMIDT,SR3M3,5,5,5,5,5,5,5,5,5,9954.5,5
418,CSCHMIDT,SR3U1,292,292,292,292,292,292,292,292,292,9995.0,292
419,CSCHMIDT,SR3U2,9,9,9,9,9,9,9,9,9,9984.5,9
420,CSCHMIDT,SR3U3,6,6,6,6,6,6,6,6,6,9940.0,6
421,CSCHMIDT,SR3Z1,290,290,290,290,290,290,290,290,290,9994.0,290
422,CSCHMIDT,SR3Z2,10,10,10,10,10,10,10,10,10,9977.5,10
423,CSCHMIDT,SR3Z3,6,6,6,6,6,6,6,6,6,9926.0,6
424,CSCHMIDT,YIAM21,301,301,301,301,301,301,301,301,301,999437.0,301
425,CSCHMIDT,YICM21,2,2,2,2,2,2,2,2,2,990650.0,2
426,CSCHMIDT,YIDM21,3,3,3,3,3,3,3,3,3,989450.0,3
427,CSCHMIDT,YITM21,5,5,5,5,5,5,5,5,5,997325.0,5
428,CSCHMIDT,YIWM21,1,1,1,1,1,1,1,1,1,,1
429,FIZERALGO,GE:PK 01Y M4,2,2,2,2,2,2,2,2,2,0.0,2
430,FIZERALGO,GEH5,2,2,2,2,2,2,2,2,2,9835.5,2
431,FIZERALGO,GEM4,2,2,2,2,2,2,2,2,2,9871.5,2
432,FIZERALGO,GEU4,2,2,2,2,2,2,2,2,2,9857.5,2
433,FIZERALGO,GEZ4,2,2,2,2,2,2,2,2,2,9845.5,2
434,HREDDY,SON-STLM26,1,1,1,1,1,1,1,1,1,,0
435,HREDDY,SONM22,1,1,1,1,1,1,1,1,1,99.89,1
436,HREDDY,SONM22-SONU22,1,1,1,1,1,1,1,1,1,,0
437,HREDDY,SONM26,1,1,1,1,1,1,1,1,1,99.04,1
438,HREDDY,SONU22,1,1,1,1,1,1,1,1,1,99.85,1
439,HREDDY,STLM26,1,1,1,1,1,1,1,1,1,98.92,1
440,RKV1057,BTCJ1,2,2,2,2,2,2,2,2,2,63840.0,2
441,RKV1057,BTCJ1-BTCK1,1,1,1,1,1,1,1,1,1,465.0,1
442,RKV1057,BTCK1,2,2,2,2,2,2,2,2,2,64305.0,2
443,RVERMA,EUI:BF Z21-M22-Z22,2,2,2,2,2,2,2,2,2,,0
444,RVERMA,EUIH22,5,5,5,5,5,5,5,5,5,100.54,5
445,RVERMA,EUIH22-EUIH23,2,2,2,2,2,2,2,2,2,,0
446,RVERMA,EUIH22-EUIM22,1,1,1,1,1,1,1,1,1,,0
447,RVERMA,EUIH23,5,5,5,5,5,5,5,5,5,100.48,5
448,RVERMA,EUIH23-EUIM23,1,1,1,1,1,1,1,1,1,,0
449,RVERMA,EUIH25,5,5,5,5,5,5,5,5,5,100.15,5
450,RVERMA,EUIM22,27,27,27,27,27,27,27,27,27,100.54,27
451,RVERMA,EUIM22-EUIH23,1,1,1,1,1,1,1,1,1,,0
452,RVERMA,EUIM22-EUIZ22,22,22,22,22,22,22,22,22,22,,0
453,RVERMA,EUIM23,1,1,1,1,1,1,1,1,1,100.46,1
454,RVERMA,EUIM24,1,1,1,1,1,1,1,1,1,,1
455,RVERMA,EUIM24-EUIH25,1,1,1,1,1,1,1,1,1,,1
456,RVERMA,EUIU23,6,6,6,6,6,6,6,6,6,,6
457,RVERMA,EUIU23-EUIZ23,6,6,6,6,6,6,6,6,6,,6
458,RVERMA,EUIU24,2,2,2,2,2,2,2,2,2,100.25,2
459,RVERMA,EUIU24-EUIH25,2,2,2,2,2,2,2,2,2,,0
460,RVERMA,EUIZ21,3,3,3,3,3,3,3,3,3,100.545,3
461,RVERMA,EUIZ21-EUIH22,1,1,1,1,1,1,1,1,1,,1
462,RVERMA,EUIZ22,25,25,25,25,25,25,25,25,25,100.51,25
463,RVERMA,EUIZ22-EUIH23,1,1,1,1,1,1,1,1,1,,1
464,RVERMA,EUIZ23,6,6,6,6,6,6,6,6,6,,6
465,RVERMA,EUIZ24,2,2,2,2,2,2,2,2,2,100.2,2
466,RVERMA,EUIZ24-EUIH25,2,2,2,2,2,2,2,2,2,,0
467,amarkantkumar,I:BND2:M21,6,6,6,6,6,6,6,6,6,,0
468,amarkantkumar,I:BND3:M21,4,4,4,4,4,4,4,4,4,,0
469,amarkantkumar,I:BND4:M21,13,13,13,13,13,13,13,13,13,,0
470,amarkantkumar,I:BND5:M21,1274,1274,1274,1274,1274,1274,1274,1274,1274,,0
471,amarkantkumar,I:FBUT:H24+U24+H25,2,2,2,2,2,2,2,2,2,,0
472,amarkantkumar,I:FBUT:H25+M25+U25,4,4,4,4,4,4,4,4,4,,0
473,amarkantkumar,I:FBUT:H25+U25+H26,7,7,7,7,7,7,7,7,7,,0
474,amarkantkumar,I:FBUT:M23+U23+Z23,8,8,8,8,8,8,8,8,8,,0
475,amarkantkumar,I:FBUT:M24+Z24+M25,1,1,1,1,1,1,1,1,1,,0
476,amarkantkumar,I:FBUT:M25+Z25+M26,23,23,23,23,23,23,23,23,23,,0
477,amarkantkumar,I:FBUT:U24+H25+U25,16,16,16,16,16,16,16,16,16,,0
478,amarkantkumar,I:FBUT:U24+Z24+H25,13,13,13,13,13,13,13,13,13,,0
479,amarkantkumar,I:FBUT:Z23+M24+Z24,2,2,2,2,2,2,2,2,2,,0
480,amarkantkumar,I:FBUT:Z24+H25+M25,6,6,6,6,6,6,6,6,6,,0
481,amarkantkumar,I:FBUT:Z24+M25+Z25,9,9,9,9,9,9,9,9,9,,0
482,amarkantkumar,I:FBUT:Z25+H26+M26,11,11,11,11,11,11,11,11,11,,0
483,amarkantkumar,I:PACK:M21,1,1,1,1,1,1,1,1,1,,0
484,amarkantkumar,I:PACK:M22,2,2,2,2,2,2,2,2,2,,0
485,amarkantkumar,I:PACK:M23,5,5,5,5,5,5,5,5,5,,0
486,amarkantkumar,I:PACK:M24,103,103,103,103,103,103,103,103,103,,0
487,amarkantkumar,I:PACK:M25,27,27,27,27,27,27,27,27,27,,0
488,amarkantkumar,IH2,1298,1298,1298,1298,1298,1298,1298,1298,1298,100.54,1298
489,amarkantkumar,IH3,1299,1299,1299,1299,1299,1299,1299,1299,1299,100.485,1299
490,amarkantkumar,IH4,1300,1300,1300,1300,1300,1300,1300,1300,1300,100.345,1300
491,amarkantkumar,IH4-IU4,2,2,2,2,2,2,2,2,2,0.095,2
492,amarkantkumar,IH5,1484,1484,1484,1484,1484,1484,1484,1484,1484,100.15,1484
493,amarkantkumar,IH5-IM5,2,2,2,2,2,2,2,2,2,0.055,2
494,amarkantkumar,IH5-IU5,24,24,24,24,24,24,24,24,24,0.105,24
495,amarkantkumar,IH6,1340,1340,1340,1340,1340,1340,1340,1340,1340,99.94,1340
496,amarkantkumar,IM1,1298,1298,1298,1298,1298,1298,1298,1298,1298,100.54,1298
497,amarkantkumar,IM2,1299,1299,1299,1299,1299,1299,1299,1299,1299,100.535,1299
498,amarkantkumar,IM3,1304,1304,1304,1304,1304,1304,1304,1304,1304,100.455,1304
499,amarkantkumar,IM4,1398,1398,1398,1398,1398,1398,1398,1398,1398,100.3,1398
500,amarkantkumar,IM4-IZ4,3,3,3,3,3,3,3,3,3,0.1,3
501,amarkantkumar,IM5,1387,1387,1387,1387,1387,1387,1387,1387,1387,100.095,1387
502,amarkantkumar,IM5-IU5,1,1,1,1,1,1,1,1,1,,1
503,amarkantkumar,IM5-IZ5,31,31,31,31,31,31,31,31,31,0.1,31
504,amarkantkumar,IM6,63,63,63,63,63,63,63,63,63,99.89,63
505,amarkantkumar,IU1,1298,1298,1298,1298,1298,1298,1298,1298,1298,100.54,1298
506,amarkantkumar,IU2,1299,1299,1299,1299,1299,1299,1299,1299,1299,100.53,1299
507,amarkantkumar,IU3,1304,1304,1304,1304,1304,1304,1304,1304,1304,100.425,1304
508,amarkantkumar,IU4,1447,1447,1447,1447,1447,1447,1447,1447,1447,100.25,1447
509,amarkantkumar,IU4-IH5,19,19,19,19,19,19,19,19,19,0.1,19
510,amarkantkumar,IU4-IZ4,5,5,5,5,5,5,5,5,5,0.05,5
511,amarkantkumar,IU5,1363,1363,1363,1363,1363,1363,1363,1363,1363,100.045,1363
512,amarkantkumar,IU5-IH6,10,10,10,10,10,10,10,10,10,0.105,10
513,amarkantkumar,IZ1,1298,1298,1298,1298,1298,1298,1298,1298,1298,100.545,1298
514,amarkantkumar,IZ2,1299,1299,1299,1299,1299,1299,1299,1299,1299,100.515,1299
515,amarkantkumar,IZ3,1308,1308,1308,1308,1308,1308,1308,1308,1308,100.39,1308
516,amarkantkumar,IZ3-IM4,2,2,2,2,2,2,2,2,2,0.09,2
517,amarkantkumar,IZ4,1439,1439,1439,1439,1439,1439,1439,1439,1439,100.2,1439
518,amarkantkumar,IZ4-IH5,1,1,1,1,1,1,1,1,1,0.05,1
519,amarkantkumar,IZ4-IM5,9,9,9,9,9,9,9,9,9,0.105,9
520,amarkantkumar,IZ5,1415,1415,1415,1415,1415,1415,1415,1415,1415,99.995,1415
521,amarkantkumar,IZ5-IH6,11,11,11,11,11,11,11,11,11,,11
522,amarkantkumar,IZ5-IM6,29,29,29,29,29,29,29,29,29,0.105,29
523,amarkantkumar,L:FBUT:H22+M22+U22,6,6,6,6,6,6,6,6,6,,0
524,amarkantkumar,L:FBUT:H26+M26+U26,4,4,4,4,4,4,4,4,4,,0
525,amarkantkumar,L:FBUT:M22+U22+Z22,11,11,11,11,11,11,11,11,11,,0
526,amarkantkumar,L:FBUT:U22+Z22+H23,3,3,3,3,3,3,3,3,3,,0
527,amarkantkumar,LH2,6,6,6,6,6,6,6,6,6,99.815,6
528,amarkantkumar,LH3,12,12,12,12,12,12,12,12,12,99.595,12
529,amarkantkumar,LH4,9,9,9,9,9,9,9,9,9,99.31,9
530,amarkantkumar,LH4-LU4,8,8,8,8,8,8,8,8,8,0.12,8
531,amarkantkumar,LH5,18,18,18,18,18,18,18,18,18,99.1,18
532,amarkantkumar,LH6,5,5,5,5,5,5,5,5,5,98.945,5
533,amarkantkumar,LM2,42,42,42,42,42,42,42,42,42,99.78,42
534,amarkantkumar,LM3,2,2,2,2,2,2,2,2,2,99.52,2
535,amarkantkumar,LM4,1,1,1,1,1,1,1,1,1,99.245,1
536,amarkantkumar,LM6,4,4,4,4,4,4,4,4,4,98.905,4
537,amarkantkumar,LU1,4,4,4,4,4,4,4,4,4,99.925,4
538,amarkantkumar,LU1-SO3U1,4,4,4,4,4,4,4,4,4,0.035,4
539,amarkantkumar,LU2,21,21,21,21,21,21,21,21,21,99.73,21
540,amarkantkumar,LU2-LH3,1,1,1,1,1,1,1,1,1,0.135,1
541,amarkantkumar,LU4,12,12,12,12,12,12,12,12,12,99.19,12
542,amarkantkumar,LU6,4,4,4,4,4,4,4,4,4,98.875,4
543,amarkantkumar,LZ1,1,1,1,1,1,1,1,1,1,99.89,1
544,amarkantkumar,LZ2,22,22,22,22,22,22,22,22,22,99.665,22
545,amarkantkumar,LZ2-LH3,8,8,8,8,8,8,8,8,8,0.07,8
546,amarkantkumar,LZ3,10,10,10,10,10,10,10,10,10,99.375,10
547,amarkantkumar,LZ4,3,3,3,3,3,3,3,3,3,99.14,3
548,amarkantkumar,SO3:FBUT:H25+M25+U25,16,16,16,16,16,16,16,16,16,,0
549,amarkantkumar,SO3:FBUT:H26+M26+U26,3,3,3,3,3,3,3,3,3,,0
550,amarkantkumar,SO3:FBUT:Z24+H25+M25,7,7,7,7,7,7,7,7,7,,0
551,amarkantkumar,SO3H2,1,1,1,1,1,1,1,1,1,99.935,1
552,amarkantkumar,SO3H2-SO3M2,1,1,1,1,1,1,1,1,1,0.035,1
553,amarkantkumar,SO3H3,1,1,1,1,1,1,1,1,1,99.715,1
554,amarkantkumar,SO3H3-SO3M3,1,1,1,1,1,1,1,1,1,0.075,1
555,amarkantkumar,SO3H5,23,23,23,23,23,23,23,23,23,99.22,23
556,amarkantkumar,SO3H6,3,3,3,3,3,3,3,3,3,99.065,3
557,amarkantkumar,SO3M2,1,1,1,1,1,1,1,1,1,99.9,1
558,amarkantkumar,SO3M3,1,1,1,1,1,1,1,1,1,99.64,1
559,amarkantkumar,SO3M5,23,23,23,23,23,23,23,23,23,99.18,23
560,amarkantkumar,SO3M6,4,4,4,4,4,4,4,4,4,99.025,4
561,amarkantkumar,SO3U1,4,4,4,4,4,4,4,4,4,99.955,4
562,amarkantkumar,SO3U5,16,16,16,16,16,16,16,16,16,99.135,16
563,amarkantkumar,SO3U6,3,3,3,3,3,3,3,3,3,98.995,3
564,amarkantkumar,SO3Z4,7,7,7,7,7,7,7,7,7,99.26,7
565,angelgupta,L:BND2:M21,42,42,42,42,42,42,42,42,42,,0
566,angelgupta,L:BND3:M21,2,2,2,2,2,2,2,2,2,,0
567,angelgupta,L:PACK:M23,11,11,11,11,11,11,11,11,11,,0
568,angelgupta,LH2,51,51,51,51,51,51,51,51,51,99.815,51
569,angelgupta,LH2-LM2,7,7,7,7,7,7,7,7,7,0.035,7
570,angelgupta,LH3,68,68,68,68,68,68,68,68,68,99.595,68
571,angelgupta,LH3-LM3,7,7,7,7,7,7,7,7,7,0.075,7
572,angelgupta,LH4,13,13,13,13,13,13,13,13,13,99.31,13
573,angelgupta,LH5,6,6,6,6,6,6,6,6,6,99.1,6
574,angelgupta,LM1,44,44,44,44,44,44,44,44,44,99.92,44
575,angelgupta,LM2,51,51,51,51,51,51,51,51,51,99.78,51
576,angelgupta,LM3,24,24,24,24,24,24,24,24,24,99.52,24
577,angelgupta,LU1,44,44,44,44,44,44,44,44,44,99.925,44
578,angelgupta,LU2,67,67,67,67,67,67,67,67,67,99.73,67
579,angelgupta,LU2-LZ2,23,23,23,23,23,23,23,23,23,0.065,23
580,angelgupta,LU3,13,13,13,13,13,13,13,13,13,99.445,13
581,angelgupta,LZ1,46,46,46,46,46,46,46,46,46,99.89,46
582,angelgupta,LZ1-SO3Z1,2,2,2,2,2,2,2,2,2,0.065,2
583,angelgupta,LZ2,81,81,81,81,81,81,81,81,81,99.665,81
584,angelgupta,LZ2-LH3,14,14,14,14,14,14,14,14,14,0.07,14
585,angelgupta,LZ3,13,13,13,13,13,13,13,13,13,99.375,13
586,angelgupta,LZ4,1,1,1,1,1,1,1,1,1,99.14,1
587,angelgupta,SO3:BND2:M21,123,123,123,123,123,123,123,123,123,0.0,123
588,angelgupta,SO3:BND3:M21,1103,1103,1103,1103,1103,1103,1103,1103,1103,0.0,1103
589,angelgupta,SO3:PACK:M23,158,158,158,158,158,158,158,158,158,0.0,158
590,angelgupta,SO3H2,1259,1259,1259,1259,1259,1259,1259,1259,1259,99.935,1259
591,angelgupta,SO3H2-SO3M2,20,20,20,20,20,20,20,20,20,0.035,20
592,angelgupta,SO3H3,1271,1271,1271,1271,1271,1271,1271,1271,1271,99.715,1271
593,angelgupta,SO3H3-SO3M3,8,8,8,8,8,8,8,8,8,0.075,8
594,angelgupta,SO3H4,1268,1268,1268,1268,1268,1268,1268,1268,1268,99.43,1268
595,angelgupta,SO3M1,1240,1240,1240,1240,1240,1240,1240,1240,1240,99.955,1240
596,angelgupta,SO3M1-SO3U1,14,14,14,14,14,14,14,14,14,0.0,14
597,angelgupta,SO3M2,1294,1294,1294,1294,1294,1294,1294,1294,1294,99.9,1294
598,angelgupta,SO3M2-SO3U2,47,47,47,47,47,47,47,47,47,0.05,47
599,angelgupta,SO3M3,1269,1269,1269,1269,1269,1269,1269,1269,1269,99.64,1269
600,angelgupta,SO3M6,1,1,1,1,1,1,1,1,1,99.025,1
601,angelgupta,SO3U1,1251,1251,1251,1251,1251,1251,1251,1251,1251,99.955,1251
602,angelgupta,SO3U1-SO3Z1,10,10,10,10,10,10,10,10,10,0.01,10
603,angelgupta,SO3U2,1341,1341,1341,1341,1341,1341,1341,1341,1341,99.85,1341
604,angelgupta,SO3U2-SO3Z2,68,68,68,68,68,68,68,68,68,0.065,68
605,angelgupta,SO3U3,1263,1263,1263,1263,1263,1263,1263,1263,1263,99.565,1263
606,angelgupta,SO3U3-SO3Z3,2,2,2,2,2,2,2,2,2,0.07,2
607,angelgupta,SO3Z1,1250,1250,1250,1250,1250,1250,1250,1250,1250,99.945,1250
608,angelgupta,SO3Z1-SO3H2,12,12,12,12,12,12,12,12,12,0.01,12
609,angelgupta,SO3Z2,1331,1331,1331,1331,1331,1331,1331,1331,1331,99.785,1331
610,angelgupta,SO3Z2-SO3H3,37,37,37,37,37,37,37,37,37,0.07,37
611,angelgupta,SO3Z3,1270,1270,1270,1270,1270,1270,1270,1270,1270,99.495,1270
612,angelgupta,SO3Z3-SO3H4,7,7,7,7,7,7,7,7,7,0.065,7
613,arvindmenon,BTMK1,9,9,9,9,9,9,9,9,9,64687.5,9
614,arvindmenon,L:FBUT:H22+M22+U22,6,6,6,6,6,6,6,6,6,,0
615,arvindmenon,L:FBUT:H23+M23+U23,14,14,14,14,14,14,14,14,14,,0
616,arvindmenon,L:FBUT:H25+M25+U25,1,1,1,1,1,1,1,1,1,,0
617,arvindmenon,L:FBUT:M21+U21+Z21,2,2,2,2,2,2,2,2,2,,0
618,arvindmenon,L:FBUT:M22+U22+Z22,28,28,28,28,28,28,28,28,28,,0
619,arvindmenon,L:FBUT:M23+U23+Z23,3,3,3,3,3,3,3,3,3,,0
620,arvindmenon,L:FBUT:U21+Z21+H22,2,2,2,2,2,2,2,2,2,,0
621,arvindmenon,L:FBUT:U22+Z22+H23,14,14,14,14,14,14,14,14,14,,0
622,arvindmenon,L:FBUT:U23+Z23+H24,2,2,2,2,2,2,2,2,2,,0
623,arvindmenon,L:FBUT:Z21+H22+M22,2,2,2,2,2,2,2,2,2,,0
624,arvindmenon,L:FBUT:Z22+H23+M23,7,7,7,7,7,7,7,7,7,,0
625,arvindmenon,L:FBUT:Z24+H25+M25,1,1,1,1,1,1,1,1,1,,0
626,arvindmenon,LH2,12,12,12,12,12,12,12,12,12,99.815,12
627,arvindmenon,LH2-LM2,1,1,1,1,1,1,1,1,1,0.035,1
628,arvindmenon,LH3,36,36,36,36,36,36,36,36,36,99.595,36
629,arvindmenon,LH3-LM3,1,1,1,1,1,1,1,1,1,0.075,1
630,arvindmenon,LH4,6,6,6,6,6,6,6,6,6,99.31,6
631,arvindmenon,LH4-LM4,4,4,4,4,4,4,4,4,4,,4
632,arvindmenon,LH5,10,10,10,10,10,10,10,10,10,99.1,10
633,arvindmenon,LM1,2,2,2,2,2,2,2,2,2,99.92,2
634,arvindmenon,LM2,43,43,43,43,43,43,43,43,43,99.78,43
635,arvindmenon,LM2-LU2,6,6,6,6,6,6,6,6,6,0.05,6
636,arvindmenon,LM3,25,25,25,25,25,25,25,25,25,99.52,25
637,arvindmenon,LM4,4,4,4,4,4,4,4,4,4,99.245,4
638,arvindmenon,LM5,2,2,2,2,2,2,2,2,2,,2
639,arvindmenon,LU1,4,4,4,4,4,4,4,4,4,99.925,4
640,arvindmenon,LU2,56,56,56,56,56,56,56,56,56,99.73,56
641,arvindmenon,LU2-LZ2,2,2,2,2,2,2,2,2,2,0.065,2
642,arvindmenon,LU3,19,19,19,19,19,19,19,19,19,99.445,19
643,arvindmenon,LU4,9,9,9,9,9,9,9,9,9,99.19,9
644,arvindmenon,LU4-LH5,8,8,8,8,8,8,8,8,8,0.09,8
645,arvindmenon,LU5,1,1,1,1,1,1,1,1,1,,1
646,arvindmenon,LZ1,7,7,7,7,7,7,7,7,7,99.89,7
647,arvindmenon,LZ1-LH2,1,1,1,1,1,1,1,1,1,0.075,1
648,arvindmenon,LZ2,51,51,51,51,51,51,51,51,51,99.665,51
649,arvindmenon,LZ3,6,6,6,6,6,6,6,6,6,99.375,6
650,arvindmenon,LZ3-LU4,1,1,1,1,1,1,1,1,1,,1
651,arvindmenon,LZ4,2,2,2,2,2,2,2,2,2,99.14,2
652,arvindmenon,SO3:FBUT:H25+M25+U25,4,4,4,4,4,4,4,4,4,,0
653,arvindmenon,SO3:FBUT:Z24+H25+M25,4,4,4,4,4,4,4,4,4,,0
654,arvindmenon,SO3H2,4,4,4,4,4,4,4,4,4,99.935,4
655,arvindmenon,SO3H2-SO3M2,1,1,1,1,1,1,1,1,1,0.035,1
656,arvindmenon,SO3H3,23,23,23,23,23,23,23,23,23,99.715,23
657,arvindmenon,SO3H4,2,2,2,2,2,2,2,2,2,99.43,2
658,arvindmenon,SO3H5,8,8,8,8,8,8,8,8,8,99.22,8
659,arvindmenon,SO3M2,1,1,1,1,1,1,1,1,1,99.9,1
660,arvindmenon,SO3M3,5,5,5,5,5,5,5,5,5,99.64,5
661,arvindmenon,SO3M3-SO3U3,5,5,5,5,5,5,5,5,5,,5
662,arvindmenon,SO3M5,8,8,8,8,8,8,8,8,8,99.18,8
663,arvindmenon,SO3U1,7,7,7,7,7,7,7,7,7,99.955,7
664,arvindmenon,SO3U1-SO3Z1,7,7,7,7,7,7,7,7,7,0.01,7
665,arvindmenon,SO3U2,13,13,13,13,13,13,13,13,13,99.85,13
666,arvindmenon,SO3U2-SO3Z2,13,13,13,13,13,13,13,13,13,0.065,13
667,arvindmenon,SO3U3,6,6,6,6,6,6,6,6,6,99.565,6
668,arvindmenon,SO3U3-SO3Z3,1,1,1,1,1,1,1,1,1,0.07,1
669,arvindmenon,SO3U5,4,4,4,4,4,4,4,4,4,99.135,4
670,arvindmenon,SO3Z1,10,10,10,10,10,10,10,10,10,99.945,10
671,arvindmenon,SO3Z1-SO3H2,3,3,3,3,3,3,3,3,3,0.01,3
672,arvindmenon,SO3Z2,36,36,36,36,36,36,36,36,36,99.785,36
673,arvindmenon,SO3Z2-SO3H3,23,23,23,23,23,23,23,23,23,0.07,23
674,arvindmenon,SO3Z3,3,3,3,3,3,3,3,3,3,99.495,3
675,arvindmenon,SO3Z3-SO3H4,2,2,2,2,2,2,2,2,2,0.065,2
676,arvindmenon,SO3Z4,4,4,4,4,4,4,4,4,4,99.26,4
677,catkins,AMB1H3,2,2,2,2,2,2,2,2,2,9968.75,2
678,catkins,AMB1K1,2,2,2,2,2,2,2,2,2,9990.875,2
679,catkins,AMB1M1,2,2,2,2,2,2,2,2,2,9990.875,2
680,catkins,AMB1N1,2,2,2,2,2,2,2,2,2,9990.875,2
681,catkins,AMB3M1,2,2,2,2,2,2,2,2,2,9990.625,2
682,craigatkins,SF1J1,220,220,220,220,220,220,220,220,220,99.985,220
683,craigatkins,SF1J1-SF1K1,43,43,43,43,43,43,43,43,43,0.0125,43
684,craigatkins,SF1K1,107,107,107,107,107,107,107,107,107,99.9725,107
685,craigatkins,SF1K1-SF1M1,51,51,51,51,51,51,51,51,51,0.01,51
686,craigatkins,SF1M1,86,86,86,86,86,86,86,86,86,99.9625,86
687,craigatkins,SF1N1,16,16,16,16,16,16,16,16,16,99.96,16
688,craigatkins,SF1Q1,5,5,5,5,5,5,5,5,5,99.9575,5
689,craigatkins,SF1U1,23,23,23,23,23,23,23,23,23,99.955,23
690,craigatkins,SF1U1-SF1V1,23,23,23,23,23,23,23,23,23,0.0,23
691,craigatkins,SF1V1,24,24,24,24,24,24,24,24,24,99.955,24
692,craigatkins,SF1V1-SF1X1,1,1,1,1,1,1,1,1,1,,1
693,craigatkins,SF1X1,1,1,1,1,1,1,1,1,1,,1
694,craigatkins,SF3H2,72,72,72,72,72,72,72,72,72,99.9225,72
695,craigatkins,SF3H2-SF3M2,66,66,66,66,66,66,66,66,66,0.035,66
696,craigatkins,SF3H3,12,12,12,12,12,12,12,12,12,99.67,12
697,craigatkins,SF3M1,25,25,25,25,25,25,25,25,25,99.96,25
698,craigatkins,SF3M1-SF3U1,21,21,21,21,21,21,21,21,21,0.0075,21
699,craigatkins,SF3M2,111,111,111,111,111,111,111,111,111,99.8875,111
700,craigatkins,SF3M2-SF3U2,30,30,30,30,30,30,30,30,30,0.0475,30
701,craigatkins,SF3U1,107,107,107,107,107,107,107,107,107,99.9525,107
702,craigatkins,SF3U1-SF3Z1,85,85,85,85,85,85,85,85,85,0.015,85
703,craigatkins,SF3U2,184,184,184,184,184,184,184,184,184,99.84,184
704,craigatkins,SF3U2-SF3Z2,154,154,154,154,154,154,154,154,154,0.0675,154
705,craigatkins,SF3Z1,89,89,89,89,89,89,89,89,89,99.9375,89
706,craigatkins,SF3Z1-SF3H2,1,1,1,1,1,1,1,1,1,0.015,1
707,craigatkins,SF3Z2,166,166,166,166,166,166,166,166,166,99.7725,166
708,craigatkins,SF3Z2-SF3H3,12,12,12,12,12,12,12,12,12,0.1025,12
709,eugenekrel,BTMJ1,1,1,1,1,1,1,1,1,1,,0
710,eugenekrel,BTMK1,31,31,31,31,31,31,31,31,31,64687.5,31
711,harishreddy,SO3M2,1,1,1,1,1,1,1,1,1,99.9,1
712,harishreddy,SO3M2-SO3U2,1,1,1,1,1,1,1,1,1,0.05,1
713,harishreddy,SO3U2,1,1,1,1,1,1,1,1,1,99.85,1
714,ravikumarverma,I:FBUT:Z21+M22+Z22,2,2,2,2,2,2,2,2,2,,0
715,ravikumarverma,IH2,12,12,12,12,12,12,12,12,12,100.54,12
716,ravikumarverma,IH2-IH3,3,3,3,3,3,3,3,3,3,0.055,3
717,ravikumarverma,IH2-IM2,8,8,8,8,8,8,8,8,8,0.005,8
718,ravikumarverma,IH3,8,8,8,8,8,8,8,8,8,100.485,8
719,ravikumarverma,IH3-IM3,1,1,1,1,1,1,1,1,1,0.03,1
720,ravikumarverma,IH5,21,21,21,21,21,21,21,21,21,100.15,21
721,ravikumarverma,IM2,75,75,75,75,75,75,75,75,75,100.535,75
722,ravikumarverma,IM2-IH3,3,3,3,3,3,3,3,3,3,0.05,3
723,ravikumarverma,IM2-IZ2,62,62,62,62,62,62,62,62,62,0.02,62
724,ravikumarverma,IM3,1,1,1,1,1,1,1,1,1,100.455,1
725,ravikumarverma,IM4,1,1,1,1,1,1,1,1,1,100.3,1
726,ravikumarverma,IM4-IH5,1,1,1,1,1,1,1,1,1,,1
727,ravikumarverma,IU3,21,21,21,21,21,21,21,21,21,100.425,21
728,ravikumarverma,IU3-IZ3,21,21,21,21,21,21,21,21,21,,21
729,ravikumarverma,IU4,10,10,10,10,10,10,10,10,10,100.25,10
730,ravikumarverma,IU4-IH5,10,10,10,10,10,10,10,10,10,0.1,10
731,ravikumarverma,IZ1,3,3,3,3,3,3,3,3,3,100.545,3
732,ravikumarverma,IZ1-IH2,1,1,1,1,1,1,1,1,1,,1
733,ravikumarverma,IZ2,65,65,65,65,65,65,65,65,65,100.515,65
734,ravikumarverma,IZ2-IH3,1,1,1,1,1,1,1,1,1,,1
735,ravikumarverma,IZ3,21,21,21,21,21,21,21,21,21,100.39,21
736,ravikumarverma,IZ4,10,10,10,10,10,10,10,10,10,100.2,10
737,ravikumarverma,IZ4-IH5,10,10,10,10,10,10,10,10,10,0.05,10
