sym,exchange,inst,ctype,tick,settlepx,lqt
GEZ5,CME,GE,OT,0.5,9807.5,2021-04-16D14:35:25.302314755
GEZ4,CME,GE,OT,0.5,9845.5,2021-04-16D14:35:25.302728178
GEZ3,CME,GE,OT,0.5,9900.5,2021-04-16D14:35:25.302314755
GEU5,CME,GE,OT,0.5,9817,2021-04-16D14:35:25.514892040
GEU4,CME,GE,OT,0.5,9857.5,2021-04-16D14:35:25.277056033
GEU3,CME,GE,OT,0.5,9914.5,2021-04-16D14:35:25.308503681
GEM5,CME,GE,OT,0.5,9825.5,2021-04-16D14:35:25.302333451
GEM4,CME,GE,OT,0.5,9871.5,2021-04-16D14:35:25.271291710
GEM3,CME,GE,OT,0.5,9936,2021-04-16D14:35:25.302333451
GEH6,CME,GE,OT,0.5,9800.5,2021-04-16D14:35:24.715526146
GEH5,CME,GE,OT,0.5,9835.5,2021-04-16D14:35:24.715526146
GEH4,CME,GE,OT,0.5,9886,2021-04-16D14:35:25.247071939
GE:PB M3-M4-M5,CME,GE,PB,0.25,0,2021-04-16D14:35:17.248988215
SF3U2,ICE,SF3,OT,0.0025,99.84,2021-04-16D14:35:13.114172907
SF3M2-SF3U2,ICE,SF3,SP,0.0025,0.0475,2021-04-16D14:11:11.892823183
SF3M2,ICE,SF3,OT,0.0025,99.8875,2021-04-16D14:35:26.768928398
SR3U2,CME,SR3,OT,0.5,9984.5,2021-04-16D14:35:25.668225036
SR3M2-SR3U2,CME,SR3,SP,0.5,4.5,2021-04-16D14:35:25.668052233
SR3M2,CME,SR3,OT,0.5,9989,2021-04-16D14:35:25.668204629
SR1N1,CME,SR1,OT,0.5,9996,2021-04-16D14:35:18.563965437
SR3Z1,CME,SR3,OT,0.5,9994,2021-04-16D14:35:25.666261827
SF1N1,ICE,SF1,OT,0.0025,99.96,2021-04-16D14:32:30.090029847
BTCJ1,CME,BTC,OT,5,63840,2021-04-16D14:35:24.641883575
BTMK1,ICE,BTM,OT,2.5,64687.5,2021-04-16D14:35:28.479582506
SR3U1,CME,SR3,OT,0.5,9995,2021-04-16D14:35:25.667918437
SR3M1,CME,SR3,OT,0.5,9996,2021-04-16D14:35:25.666200345
SR3H2,CME,SR3,OT,0.5,9992.5,2021-04-16D14:35:25.668052233
SR3:AB 01Y M1,CME,SR3,AB,0.25,9994.5,2021-04-16D14:35:12.407319588
H2OK1,CME,H2O,OT,100,84300,2021-04-16D14:32:43.599283640
YIAM21,CME,YIA,OT,25,999437,2021-04-16D13:57:40.767808969
SR1F2,CME,SR1,OT,0.5,9994,2021-04-16D14:34:51.520410346
SF1J1,ICE,SF1,OT,0.0025,99.985,2021-04-16D14:01:05.833860832
SR1J1,CME,SR1,OT,0.25,9998.75,2021-04-16D14:31:06.315125291
GE:PS M3-M4,CME,GE,PS,0.25,0,2021-04-16D14:35:21.901832901
LH5,ICE,L,OT,0.005,99.1,2021-04-16D14:35:17.257319977
STLH25,CURVE,STL,OT,0.005,99.105,2021-04-16D14:35:17.115861899
SR3M1-GEM1,CME,SR3,IS,0.5,14.5,2021-04-16D14:35:25.666200345
GEM1,CME,GE,OT,0.5,9981.5,2021-04-16D14:35:24.111785286
SNAM23,CURVE,SNA,OT,0.005,99.64,2021-04-16D14:35:15.235481199
SNAH23-SNAM23,CURVE,SNA,SP,0.005,,2021-04-16D14:35:12.130259746
SNAH23,CURVE,SNA,OT,0.005,99.715,2021-04-16D14:35:16.974731768
SONM23,CURVE,SON,OT,0.005,99.64,2021-04-16D14:35:20.798325958
SONH23-SONM23,CURVE,SON,SP,0.005,,2021-04-16D14:35:12.107083051
SONH23,CURVE,SON,OT,0.005,99.715,2021-04-16D14:35:12.107083051
IZ4,ICE,I,OT,0.005,100.2,2021-04-16D14:35:21.917483949
IM5,ICE,I,OT,0.005,100.095,2021-04-16D14:35:21.925523094
IH5,ICE,I,OT,0.005,100.15,2021-04-16D14:35:23.063810180
I:FBUT:Z24+H25+M25,ICE,I,BF,0.005,,2021-04-16D13:31:52.937109649
GEU2,CME,GE,OT,0.5,9967.5,2021-04-16D14:35:25.271305322
SR3U2-GEU2,CME,SR3,IS,0.5,17,2021-04-16D14:35:25.637944473
IZ4-IM5,ICE,I,SP,0.005,0.105,2021-04-16D14:19:34.572324165
IU5,ICE,I,OT,0.005,100.045,2021-04-16D14:35:14.615790746
IU4,ICE,I,OT,0.005,100.25,2021-04-16D14:35:21.916955593
I:FBUT:U24+H25+U25,ICE,I,BF,0.005,,2021-04-16D14:04:31.443185593
IZ5,ICE,I,OT,0.005,99.995,2021-04-16D14:35:14.584178482
IM5-IZ5,ICE,I,SP,0.005,0.1,2021-04-16D14:30:17.544876574
IU4-IH5,ICE,I,SP,0.005,0.1,2021-04-16D14:35:22.093079943
I:FBUT:Z24+M25+Z25,ICE,I,BF,0.005,,2021-04-16D14:30:17.545755680
IH5-IU5,ICE,I,SP,0.005,0.105,2021-04-16D14:04:31.442773606
GEZ2,CME,GE,OT,0.5,9957.5,2021-04-16D14:35:25.271308503
GEZ1,CME,GE,OT,0.5,9974.5,2021-04-16D14:35:21.901811259
GEU1,CME,GE,OT,0.5,9981,2021-04-16D14:35:25.667918437
GEM2,CME,GE,OT,0.5,9973.5,2021-04-16D14:35:25.668666471
GEH3,CME,GE,OT,0.5,9949.5,2021-04-16D14:35:25.308503681
GEH2,CME,GE,OT,0.5,9978,2021-04-16D14:35:23.297355799
GE:FB 05Y M1,CME,GE,FB,0.25,0,2021-04-16D14:35:19.074941511
SR3M2-GEM2,CME,SR3,IS,0.5,15.5,2021-04-16D14:35:25.668204629
SNAZ22,CURVE,SNA,OT,0.005,99.79,2021-04-16D14:35:12.130259746
SNAU22-SNAZ22,CURVE,SNA,SP,0.005,,2021-04-16D14:33:08.560041014
SNAU22,CURVE,SNA,OT,0.005,99.85,2021-04-16D14:33:26.038194838
SONZ22,CURVE,SON,OT,0.005,99.79,2021-04-16D14:35:17.110798624
SONU22-SONZ22,CURVE,SON,SP,0.005,,2021-04-16D14:35:16.997776107
SONU22,CURVE,SON,OT,0.005,99.85,2021-04-16D14:35:17.029334132
LZ3,ICE,L,OT,0.005,99.375,2021-04-16D14:35:20.847409643
LZ2,ICE,L,OT,0.005,99.665,2021-04-16D14:35:17.256603419
LZ1,ICE,L,OT,0.005,99.89,2021-04-16D14:35:16.983993605
LU3,ICE,L,OT,0.005,99.445,2021-04-16D14:35:20.829154232
LU2,ICE,L,OT,0.005,99.73,2021-04-16D14:35:16.985637767
LU1,ICE,L,OT,0.005,99.925,2021-04-16D14:35:21.833689084
LM3,ICE,L,OT,0.005,99.52,2021-04-16D14:35:20.829478823
LM2,ICE,L,OT,0.005,99.78,2021-04-16D14:35:21.960171448
LM1,ICE,L,OT,0.005,99.92,2021-04-16D14:35:16.983993605
LH4,ICE,L,OT,0.005,99.31,2021-04-16D14:35:21.837093812
LH3,ICE,L,OT,0.005,99.595,2021-04-16D14:35:12.138340597
LH2,ICE,L,OT,0.005,99.815,2021-04-16D14:35:02.780257571
L:BND3:M21,ICE,L,FB,0.25,,2021-04-16D14:35:12.148138449
L:PACK:M23,ICE,L,PK,0.25,,2021-04-16D14:35:20.830007214
STLZ22,CURVE,STL,OT,0.005,99.665,2021-04-16D14:35:20.796633051
STLU22,CURVE,STL,OT,0.005,99.73,2021-04-16D14:35:17.098992549
STLM23,CURVE,STL,OT,0.005,99.525,2021-04-16D14:35:20.798325958
STLH23,CURVE,STL,OT,0.005,99.605,2021-04-16D14:35:20.798485966
STL+12U-32Z+33H-13M,CURVE,STL,DF,0.005,,2021-04-16D14:35:20.796633051
STGZ22,CURVE,STG,OT,0.005,99.665,2021-04-16D14:35:12.249488362
STGU22,CURVE,STG,OT,0.005,99.73,2021-04-16D14:35:17.112032069
STGM23,CURVE,STG,OT,0.005,99.525,2021-04-16D14:35:20.787626264
STGH23,CURVE,STG,OT,0.005,99.605,2021-04-16D14:35:12.119341842
STG+12U-32Z+33H-13M,CURVE,STG,DF,0.005,,2021-04-16D14:34:09.683645482
SNAZ22-SNAH23,CURVE,SNA,SP,0.005,,2021-04-16D14:33:08.561732990
SONZ22-SONH23,CURVE,SON,SP,0.005,,2021-04-16D14:35:12.246880315
SR1X1,CME,SR1,OT,0.5,9995,2021-04-16D14:34:09.023259277
SO3Z2-SO3H3,ICE,SO3,SP,0.005,0.07,2021-04-16D14:34:09.429981302
SO3Z2,ICE,SO3,OT,0.005,99.785,2021-04-16D14:35:12.145613607
SO3H3,ICE,SO3,OT,0.005,99.715,2021-04-16D14:35:20.848214743
LU2-LH3,ICE,L,SP,0.005,0.135,2021-04-16D14:29:53.599178443
STLU22-STLH23,CURVE,STL,SP,0.005,,2021-04-16D14:35:17.098992549
SO3Z1,ICE,SO3,OT,0.005,99.945,2021-04-16D14:35:12.145378498
SO3U2,ICE,SO3,OT,0.005,99.85,2021-04-16D14:35:16.985147383
SO3U1,ICE,SO3,OT,0.005,99.955,2021-04-16D14:35:12.146864143
SO3M2,ICE,SO3,OT,0.005,99.9,2021-04-16D14:35:16.985147383
SO3M1,ICE,SO3,OT,0.005,99.955,2021-04-16D14:35:12.145781153
SO3H2,ICE,SO3,OT,0.005,99.935,2021-04-16D14:35:12.146420717
SO3:BND2:M21,ICE,SO3,FB,0.00125,0,2021-04-16D14:35:27.466882578
SO3Z3,ICE,SO3,OT,0.005,99.495,2021-04-16D14:35:21.836654173
SO3U3,ICE,SO3,OT,0.005,99.565,2021-04-16D14:35:21.836371932
SO3M3,ICE,SO3,OT,0.005,99.64,2021-04-16D14:35:27.741693379
SO3H4,ICE,SO3,OT,0.005,99.43,2021-04-16D14:35:12.365409845
SO3:BND3:M21,ICE,SO3,FB,0.00125,0,2021-04-16D14:35:27.742253879
LU2-LZ2,ICE,L,SP,0.005,0.065,2021-04-16D14:29:53.597110644
SR3Z3-GEZ3,CME,SR3,IS,0.5,25.5,2021-04-16D14:35:21.864968061
SR3Z3,CME,SR3,OT,0.5,9926,2021-04-16D14:35:25.246335722
SO3U5,ICE,SO3,OT,0.005,99.135,2021-04-16D14:35:21.838303085
SO3M5,ICE,SO3,OT,0.005,99.18,2021-04-16D14:35:17.253998365
SO3H5,ICE,SO3,OT,0.005,99.22,2021-04-16D14:35:21.839077448
SO3:FBUT:H25+M25+U25,ICE,SO3,BF,0.005,,2021-04-16D14:29:53.636729922
SO3:PACK:M23,ICE,SO3,PK,0.00125,0,2021-04-16D14:35:13.224361630
BTCK1,CME,BTC,OT,5,64305,2021-04-16D14:35:24.641708496
SNAM22,CURVE,SNA,OT,0.005,99.89,2021-04-16D14:33:08.560041014
SNAH22,CURVE,SNA,OT,0.005,99.925,2021-04-16D14:33:26.038194838
SNA+12H-32M+32U-12Z,CURVE,SNA,DF,0.005,,2021-04-16D14:32:58.509800265
SONM22,CURVE,SON,OT,0.005,99.89,2021-04-16D14:35:17.098223802
SONH22,CURVE,SON,OT,0.005,99.925,2021-04-16D14:32:58.594171171
SON+12H-32M+32U-12Z,CURVE,SON,DF,0.005,,2021-04-16D14:35:17.029334132
SO3U2-SO3Z2,ICE,SO3,SP,0.005,0.065,2021-04-16D14:33:52.781305921
SF3H2-SF3M2,ICE,SF3,SP,0.0025,0.035,2021-04-16D14:35:27.375313071
SF3H2,ICE,SF3,OT,0.0025,99.9225,2021-04-16D14:35:12.081921406
SR3H2-SR3M2,CME,SR3,SP,0.5,3.5,2021-04-16D14:35:25.668052233
SO3M2-SO3U2,ICE,SO3,SP,0.005,0.05,2021-04-16D14:33:52.813223476
SONU2,CME,SON,OT,0.25,9985,1970-01-01D00:00:00.000000000
SONM2-SONU2,CME,SON,SP,0.25,5,2021-04-16D14:29:49.527012871
SONM2,CME,SON,OT,0.25,9990,1970-01-01D00:00:00.000000000
SNAM22-SNAU22,CURVE,SNA,SP,0.005,,2021-04-16D14:33:08.560041014
SONM22-SONU22,CURVE,SON,SP,0.005,,2021-04-16D14:35:17.029334132
SONZ2,CME,SON,OT,0.25,9978.5,1970-01-01D00:00:00.000000000
SONU2-SONZ2,CME,SON,SP,0.25,6.5,2021-04-16D14:29:49.549588586
IZ3,ICE,I,OT,0.005,100.39,2021-04-16D14:35:28.142137087
IZ2,ICE,I,OT,0.005,100.515,2021-04-16D14:35:18.446024054
IZ1,ICE,I,OT,0.005,100.545,2021-04-16D14:35:24.366139040
IU3,ICE,I,OT,0.005,100.425,2021-04-16D14:35:18.446187570
IU2,ICE,I,OT,0.005,100.53,2021-04-16D14:35:17.149445389
IU1,ICE,I,OT,0.005,100.54,2021-04-16D14:35:24.366139040
IM4,ICE,I,OT,0.005,100.3,2021-04-16D14:35:23.055561240
IM3,ICE,I,OT,0.005,100.455,2021-04-16D14:35:23.055524962
IM2,ICE,I,OT,0.005,100.535,2021-04-16D14:35:16.035724951
IM1,ICE,I,OT,0.005,100.54,2021-04-16D14:35:24.366139040
IH6,ICE,I,OT,0.005,99.94,2021-04-16D14:35:16.981738475
IH4,ICE,I,OT,0.005,100.345,2021-04-16D14:35:23.054853144
IH3,ICE,I,OT,0.005,100.485,2021-04-16D14:35:24.366139040
IH2,ICE,I,OT,0.005,100.54,2021-04-16D14:34:50.823685239
I:BND5:M21,ICE,I,FB,0.25,,2021-04-16D14:35:16.990282223
SF3Z2,ICE,SF3,OT,0.0025,99.7725,2021-04-16D14:27:47.041723169
SF3H3,ICE,SF3,OT,0.0025,99.67,2021-04-16D14:35:09.076054487
SF3:PACK:M22,ICE,SF3,PK,0.00125,0,2021-04-16D14:35:28.339707262
SF3Z1,ICE,SF3,OT,0.0025,99.9375,2021-04-16D14:00:31.881722736
SF3U1,ICE,SF3,OT,0.0025,99.9525,2021-04-16D14:30:32.681204202
SF3M1,ICE,SF3,OT,0.0025,99.96,2021-04-16D14:35:25.638891050
SF3:PACK:M21,ICE,SF3,PK,0.00125,0,2021-04-16D14:35:12.404823288
YITM21,CME,YIT,OT,25,997325,2021-04-16D14:35:20.687710410
LZ2-LH3,ICE,L,SP,0.005,0.07,2021-04-16D14:29:53.597471754
SR3Z2,CME,SR3,OT,0.5,9977.5,2021-04-16D14:35:25.246335722
SR3H3,CME,SR3,OT,0.5,9967.5,2021-04-16D14:35:25.613091940
SR3:AB 02Y M1,CME,SR3,AB,0.25,9987,2021-04-16D14:35:20.687385364
SR3Z2-SR3H3,CME,SR3,SP,0.5,10,2021-04-16D14:35:12.082763981
SF3U1-SF3Z1,ICE,SF3,SP,0.0025,0.015,2021-04-16D14:00:31.751057658
SR3U1-SR3Z1,CME,SR3,SP,0.5,1,2021-04-16D14:35:19.012844995
SR3H2-GEH2,CME,SR3,IS,0.5,14.5,2021-04-16D14:35:25.671376830
SONZ2-SONH3,CME,SON,SP,0.25,7,2021-04-16D14:29:49.695977114
SONH3,CME,SON,OT,0.25,9971.5,1970-01-01D00:00:00.000000000
SF3M1-SF3U1,ICE,SF3,SP,0.0025,0.0075,2021-04-16D14:00:31.887361645
SR3M1-SR3U1,CME,SR3,SP,0.5,1,2021-04-16D14:35:12.061231403
I:PACK:M24,ICE,I,PK,0.25,,2021-04-16D14:35:24.459823011
SF3Z2-SF3H3,ICE,SF3,SP,0.0025,0.1025,2021-04-16D14:08:50.346074930
STLU23,CURVE,STL,OT,0.005,99.445,2021-04-16D14:35:20.798485966
STL+12Z-33H+33M-13U,CURVE,STL,DF,0.005,,2021-04-16D14:35:20.798325958
STGU23,CURVE,STG,OT,0.005,99.445,2021-04-16D14:35:20.787626264
STG+12Z-33H+33M-13U,CURVE,STG,DF,0.005,,2021-04-16D14:35:12.119341842
LIWM21,CME,LIW,OT,50,978425,2021-04-16D14:35:18.552649729
BTMJ1,ICE,,,,,
SO3H2-SO3M2,ICE,SO3,SP,0.005,0.035,2021-04-16D14:35:19.431033712
SONH2-SONM2,CME,SON,SP,0.25,3.5,2021-04-16D14:29:49.593425374
SONH2,CME,SON,OT,0.25,9993.5,1970-01-01D00:00:00.000000000
SONH22-SONM22,CURVE,SON,SP,0.005,,2021-04-16D14:30:13.254820490
I:FBUT:U24+Z24+H25,ICE,I,BF,0.005,,2021-04-16D14:20:28.444242755
IU4-IZ4,ICE,I,SP,0.005,0.05,2021-04-16D14:13:07.905338022
SR3U2-SR3Z2,CME,SR3,SP,0.5,7,2021-04-16D14:35:19.054962853
SF3U2-SF3Z2,ICE,SF3,SP,0.0025,0.0675,2021-04-16D14:27:07.171227398
IM2-IZ2,ICE,I,SP,0.005,0.02,2021-04-16D14:35:17.054781934
EUIZ22,CURVE,EUI,OT,0.005,100.51,2021-04-16D14:35:19.816551409
EUIM22-EUIZ22,CURVE,EUI,SP,0.005,,2021-04-16D14:32:17.826670880
EUIM22,CURVE,EUI,OT,0.005,100.54,2021-04-16D14:35:15.802105063
SNAH22-SNAM22,CURVE,SNA,SP,0.005,,2021-04-16D14:33:08.560041014
I:BND2:M21,ICE,I,FB,0.25,,2021-04-16D14:29:59.926043990
GE:PK 01Y M3,CME,GE,PK,0.25,0,2021-04-16D14:35:24.230122534
ZQV1,CME,ZQ,OT,0.5,9991,2021-04-16D14:35:25.157945950
SR1V1-ZQV1,CME,SR1,IS,0.5,4.5,2021-04-16D14:34:42.375722713
SR1V1,CME,SR1,OT,0.5,9995.5,2021-04-16D14:34:42.375722713
SF1M1,ICE,SF1,OT,0.0025,99.9625,2021-04-16D14:32:30.090029847
SF1K1-SF1M1,ICE,SF1,SP,0.0025,0.01,2021-04-16D14:01:43.758839679
SF1K1,ICE,SF1,OT,0.0025,99.9725,2021-04-16D14:30:28.903840548
STGZ21,CURVE,STG,OT,0.005,99.89,2021-04-16D14:35:12.363771083
STGU21,CURVE,STG,OT,0.005,99.925,2021-04-16D14:33:01.121551736
STGM22,CURVE,STG,OT,0.005,99.78,2021-04-16D14:35:12.250258485
STGH22,CURVE,STG,OT,0.005,99.81,2021-04-16D14:35:17.112032069
STG+11U-31Z+32H-12M,CURVE,STG,DF,0.005,,2021-04-16D14:35:12.363771083
STLZ21,CURVE,STL,OT,0.005,99.89,2021-04-16D14:35:17.110798624
STLU21,CURVE,STL,OT,0.005,99.925,2021-04-16D14:35:17.110798624
STLM22,CURVE,STL,OT,0.005,99.78,2021-04-16D14:35:17.098223802
STLH22,CURVE,STL,OT,0.005,99.81,2021-04-16D14:35:17.098223802
STL+11U-31Z+32H-12M,CURVE,STL,DF,0.005,,2021-04-16D14:32:21.060524633
I:BND4:M21,ICE,I,FB,0.25,,2021-04-16D14:35:14.910888458
LH2-LM2,ICE,L,SP,0.005,0.035,2021-04-16D14:29:53.596966641
SONU21,CURVE,SON,OT,0.005,99.955,2021-04-16D14:32:21.056535294
SON-STLU21,CURVE,SON,IC,0.001,,2021-04-16D14:32:21.056535294
SNAU21,CURVE,SNA,OT,0.005,99.955,2021-04-16D14:32:20.385353943
SNA-STGU21,CURVE,SNA,IC,0.001,,2021-04-16D14:32:20.385353943
I:PACK:M25,ICE,I,PK,0.25,,2021-04-16D14:35:14.590898594
STLM21,CURVE,STL,OT,0.005,99.92,2021-04-16D14:35:17.110798624
SONM21,CURVE,SON,OT,0.005,99.95,2021-04-16D14:29:53.576053491
SON-STLM21,CURVE,SON,IC,0.001,,2021-04-16D14:29:58.504144700
STGM21,CURVE,STG,OT,0.005,99.92,2021-04-16D14:33:01.121551736
SNAM21,CURVE,SNA,OT,0.005,99.95,2021-04-16D14:29:53.603065136
SNA-STGM21,CURVE,SNA,IC,0.001,,2021-04-16D14:33:01.121551736
STLZ23,CURVE,STL,OT,0.005,99.38,2021-04-16D14:35:20.798325958
STLU24,CURVE,STL,OT,0.005,99.19,2021-04-16D14:35:17.110798624
STLM24,CURVE,STL,OT,0.005,99.25,2021-04-16D14:35:17.110957514
STLH24,CURVE,STL,OT,0.005,99.32,2021-04-16D14:35:20.798485966
STL+13Z-34H+34M-14U,CURVE,STL,DF,0.005,,2021-04-16D14:35:17.110957514
STGZ23,CURVE,STG,OT,0.005,99.38,2021-04-16D14:35:20.787626264
STGU24,CURVE,STG,OT,0.005,99.19,2021-04-16D14:34:08.594602482
STGM24,CURVE,STG,OT,0.005,99.25,2021-04-16D14:33:23.286193289
STGH24,CURVE,STG,OT,0.005,99.32,2021-04-16D14:35:20.787626264
STG+13Z-34H+34M-14U,CURVE,STG,DF,0.005,,2021-04-16D14:35:20.787626264
ZQF2,CME,ZQ,OT,0.5,9990.5,2021-04-16D14:35:16.054323397
SR1F2-ZQF2,CME,SR1,IS,0.5,3.5,2021-04-16D14:34:51.520410346
SNA-STGH23,CURVE,SNA,IC,0.001,,2021-04-16D14:34:09.683645482
SON-STLH23,CURVE,SON,IC,0.001,,2021-04-16D14:34:09.716701626
STLZ22-STLH23,CURVE,STL,SP,0.005,,2021-04-16D14:35:17.110798624
I:FBUT:Z21+M22+Z22,ICE,I,BF,0.005,,2021-04-16D14:20:11.527939971
EUIZ21,CURVE,EUI,OT,0.005,100.545,2021-04-16D14:35:15.802882604
EUI:BF Z21-M22-Z22,CURVE,EUI,BF,0.005,,2021-04-16D14:32:17.826670880
LU4,ICE,L,OT,0.005,99.19,2021-04-16D14:35:21.833689084
LH4-LU4,ICE,L,SP,0.005,0.12,2021-04-16D14:35:14.132789377
STLH24-STLU24,CURVE,STL,SP,0.005,,2021-04-16D14:35:17.110798624
L:FBUT:M22+U22+Z22,ICE,L,BF,0.005,,2021-04-16D14:29:53.600864739
L:FBUT:H22+M22+U22,ICE,L,BF,0.005,,2021-04-16D14:29:53.600790900
STL+12H-32M+32U-12Z,CURVE,STL,DF,0.005,,2021-04-16D14:35:17.098223802
STL+12M-32U+32Z-13H,CURVE,STL,DF,0.005,,2021-04-16D14:35:17.110798624
STG+12M-32U+32Z-13H,CURVE,STG,DF,0.005,,2021-04-16D14:35:16.941568051
I:FBUT:H25+U25+H26,ICE,I,BF,0.005,,2021-04-16D14:19:37.864749858
IU5-IH6,ICE,I,SP,0.005,0.105,2021-04-16D14:02:31.117376065
STGZ24,CURVE,STG,OT,0.005,99.145,2021-04-16D14:35:12.128724204
STG+14H-34M+34U-14Z,CURVE,STG,DF,0.005,,2021-04-16D14:34:09.682413284
STLZ24,CURVE,STL,OT,0.005,99.145,2021-04-16D14:35:17.115861899
STL+14H-34M+34U-14Z,CURVE,STL,DF,0.005,,2021-04-16D14:35:17.110957514
STL+11M-31U+31Z-12H,CURVE,STL,DF,0.005,,2021-04-16D14:32:21.056073932
STG+11M-31U+31Z-12H,CURVE,STG,DF,0.005,,2021-04-16D14:35:12.363771083
LH3-LM3,ICE,L,SP,0.005,0.075,2021-04-16D14:35:14.132583883
SO3Z3-SO3H4,ICE,SO3,SP,0.005,0.065,2021-04-16D14:29:53.634536032
SONZ3-SONH4,CME,SON,SP,0.25,6.5,2021-04-16D14:30:14.420510136
SONZ3,CME,SON,OT,0.25,9949.5,1970-01-01D00:00:00.000000000
SONH4,CME,SON,OT,0.25,9943,1970-01-01D00:00:00.000000000
SO3Z1-SO3H2,ICE,SO3,SP,0.005,0.01,2021-04-16D14:34:38.658807347
SONZ1-SONH2,CME,SON,SP,0.25,1,2021-04-16D14:29:49.699980983
SONZ1,CME,SON,OT,0.25,9994.5,1970-01-01D00:00:00.000000000
I:PACK:M23,ICE,I,PK,0.25,,2021-04-16D14:35:23.055562228
STGH25,CURVE,STG,OT,0.005,99.105,2021-04-16D14:35:12.042827207
SONZ21,CURVE,SON,OT,0.005,99.945,2021-04-16D14:32:58.594171171
SON-STLZ21,CURVE,SON,IC,0.001,,2021-04-16D14:32:21.048421827
SNAZ21,CURVE,SNA,OT,0.005,99.945,2021-04-16D14:32:20.386274759
SNA-STGZ21,CURVE,SNA,IC,0.001,,2021-04-16D14:32:20.386274759
I:BND3:M21,ICE,I,FB,0.25,,2021-04-16D14:35:21.833802290
IH3-IM3,ICE,I,SP,0.005,0.03,2021-04-16D14:34:12.737699499
EUIM23,CURVE,EUI,OT,0.005,100.46,2021-04-16D14:35:19.816551409
EUIH23-EUIM23,CURVE,EUI,SP,0.005,,2021-04-16D14:35:17.107428306
EUIH23,CURVE,EUI,OT,0.005,100.48,2021-04-16D14:35:19.553385878
SO3Z4,ICE,SO3,OT,0.005,99.26,2021-04-16D14:35:23.053301200
SO3:FBUT:Z24+H25+M25,ICE,SO3,BF,0.005,,2021-04-16D14:29:53.636643219
SON-STLH22,CURVE,SON,IC,0.001,,2021-04-16D14:32:21.052850240
SNA-STGH22,CURVE,SNA,IC,0.001,,2021-04-16D14:32:20.390566928
I:FBUT:H24+U24+H25,ICE,I,BF,0.005,,2021-04-16D14:35:22.093265271
IH4-IU4,ICE,I,SP,0.005,0.095,2021-04-16D14:35:22.092415883
LZ4,ICE,L,OT,0.005,99.14,2021-04-16D14:35:27.741328834
SO3U3-SO3Z3,ICE,SO3,SP,0.005,0.07,2021-04-16D14:34:38.666625933
SONU3-SONZ3,CME,SON,SP,0.25,7,2021-04-16D14:29:49.501919218
SONU3,CME,SON,OT,0.25,9956.5,1970-01-01D00:00:00.000000000
SON-STLU22,CURVE,SON,IC,0.001,,2021-04-16D14:35:17.029334132
SNA-STGU22,CURVE,SNA,IC,0.001,,2021-04-16D14:35:16.941568051
L:FBUT:U22+Z22+H23,ICE,L,BF,0.005,,2021-04-16D14:29:53.600950855
LU1-SO3U1,ICE,L,IC,0.005,0.035,2021-04-16D14:29:53.637082537
SR1M1,CME,SR1,OT,0.5,9996,2021-04-16D14:35:20.789392231
SR1K1-SR1M1,CME,SR1,SP,0.5,1,2021-04-16D14:35:12.058026923
SR1K1,CME,SR1,OT,0.5,9997,2021-04-16D14:35:20.789392231
H2OJ1,CME,H2O,OT,100,80000,2021-04-16D14:32:43.599283640
SR3Z1-SR3H2,CME,SR3,SP,0.5,1.5,2021-04-16D14:35:25.668052233
SF3Z1-SF3H2,ICE,SF3,SP,0.0025,0.015,2021-04-16D14:00:31.952817832
GE:PK 01Y M4,CME,GE,PK,0.25,0,2021-04-16D14:35:25.267315527
SR3H3-GEH3,CME,SR3,IS,0.5,18,2021-04-16D14:35:25.613091940
SR1U1,CME,SR1,OT,0.5,9995.5,2021-04-16D14:35:21.054842190
SR1Q1-SR1U1,CME,SR1,SP,0.5,0,2021-04-16D14:34:09.023010988
SR1Q1,CME,SR1,OT,0.5,9995.5,2021-04-16D14:34:09.023010988
SR1J1-SR1K1,CME,SR1,SP,0.25,1.75,2021-04-16D14:30:36.007143472
SF1J1-SF1K1,ICE,SF1,SP,0.0025,0.0125,2021-04-16D14:31:48.126232829
SR3:AB 01Y M2,CME,SR3,AB,0.25,9979.75,2021-04-16D14:35:19.430850773
SO3M1-SO3U1,ICE,SO3,SP,0.005,0,2021-04-16D14:32:40.821126412
SONM21-SONU21,CURVE,SON,SP,0.005,,2021-04-16D14:29:56.633745147
SNAZ23,CURVE,SNA,OT,0.005,99.5,2021-04-16D14:35:20.787626264
SNAU23-SNAZ23,CURVE,SNA,SP,0.005,,2021-04-16D14:35:15.241782304
SNAU23,CURVE,SNA,OT,0.005,99.565,2021-04-16D14:35:21.793311030
SONZ23,CURVE,SON,OT,0.005,99.5,2021-04-16D14:35:17.110798624
SONU23-SONZ23,CURVE,SON,SP,0.005,,2021-04-16D14:35:15.244238716
SONU23,CURVE,SON,OT,0.005,99.565,2021-04-16D14:35:20.798485966
LZ1-SO3Z1,ICE,L,IC,0.005,0.065,2021-04-16D14:35:12.145181778
SO3H3-SO3M3,ICE,SO3,SP,0.005,0.075,2021-04-16D14:29:53.630052334
BTCJ1-BTCK1,CME,BTC,EQ,1,465,2021-04-16D14:34:22.059355605
I:FBUT:M24+Z24+M25,ICE,I,BF,0.005,,2021-04-16D14:19:34.572762124
IM4-IZ4,ICE,I,SP,0.005,0.1,2021-04-16D14:35:14.592900929
I:FBUT:M23+U23+Z23,ICE,I,BF,0.005,,2021-04-16D14:35:14.596599578
ZQZ1,CME,ZQ,OT,0.5,9991,2021-04-16D14:35:12.631118816
SR1Z1,CME,SR1,OT,0.5,9994,2021-04-16D14:35:12.106441852
SR3H4,CME,SR3,OT,0.5,9911.5,2021-04-16D14:35:25.246335722
STL+14M-34U+34Z-15H,CURVE,STL,DF,0.005,,2021-04-16D14:35:17.115861899
STG+14M-34U+34Z-15H,CURVE,STG,DF,0.005,,2021-04-16D14:35:12.029746396
SR3U3,CME,SR3,OT,0.5,9940,2021-04-16D14:35:25.246320365
SR3M3,CME,SR3,OT,0.5,9954.5,2021-04-16D14:35:25.246335722
SR3:AB 01Y M3,CME,SR3,AB,0.25,9933,2021-04-16D14:35:16.978553861
YIDM21,CME,YID,OT,100,989450,2021-04-16D14:35:25.565069503
YICM21,CME,YIC,OT,50,990650,2021-04-16D14:35:12.497406571
F1UM1,CME,F1U,OT,0.0078125,97.828125,2021-04-16D14:35:14.560290625
SR3Z2-GEZ2,CME,SR3,IS,0.5,20,2021-04-16D14:35:16.131402580
SON+12U-32Z+33H-13M,CURVE,SON,DF,0.005,,2021-04-16D14:35:12.107083051
SNA+12U-32Z+33H-13M,CURVE,SNA,DF,0.005,,2021-04-16D14:35:12.130259746
IZ4-IH5,ICE,I,SP,0.005,0.05,2021-04-16D14:35:17.384601302
IM6,ICE,I,OT,0.005,99.89,2021-04-16D14:35:14.813810684
I:FBUT:M25+Z25+M26,ICE,I,BF,0.005,,2021-04-16D13:37:09.313713363
IZ5-IM6,ICE,I,SP,0.005,0.105,2021-04-16D13:20:21.653010927
LM4,ICE,L,OT,0.005,99.245,2021-04-16D14:35:21.838650361
SON+11Z-32H+32M-12U,CURVE,SON,DF,0.005,,2021-04-16D14:29:53.576679811
SNA+11Z-32H+32M-12U,CURVE,SNA,DF,0.005,,2021-04-16D14:29:49.383881494
IH5-IM5,ICE,I,SP,0.005,0.055,2021-04-16D14:19:34.573167937
LH6,ICE,L,OT,0.005,98.945,2021-04-16D14:35:17.355587093
STLH26,CURVE,STL,OT,0.005,98.955,2021-04-16D14:35:12.850541641
SO3M6,ICE,SO3,OT,0.005,99.025,2021-04-16D14:34:38.660722134
SONM26,CURVE,SON,OT,0.005,99.04,2021-04-16D14:35:12.246880315
SNAM26,CURVE,SNA,OT,0.005,99.04,2021-04-16D14:35:12.213770062
STLM26,CURVE,STL,OT,0.005,98.92,2021-04-16D14:35:12.211632200
SON-STLM26,CURVE,SON,IC,0.001,,2021-04-16D14:34:08.416172328
SR3Z1-GEZ1,CME,SR3,IS,0.5,19.5,2021-04-16D14:35:14.564239534
SONZ21-SONH22,CURVE,SON,SP,0.005,,2021-04-16D14:29:56.630680005
EUIU24-EUIH25,CURVE,EUI,SP,0.005,,2021-04-16D14:35:19.553385878
EUIU24,CURVE,EUI,OT,0.005,100.25,2021-04-16D14:35:21.853784163
EUIH25,CURVE,EUI,OT,0.005,100.15,2021-04-16D14:35:15.810839824
EUIZ24-EUIH25,CURVE,EUI,SP,0.005,,2021-04-16D14:35:15.810839824
EUIZ24,CURVE,EUI,OT,0.005,100.2,2021-04-16D14:35:15.806373206
SNA-STGM22,CURVE,SNA,IC,0.001,,2021-04-16D14:32:20.370638907
SON-STLM22,CURVE,SON,IC,0.001,,2021-04-16D14:32:21.060524633
SO3U1-SO3Z1,ICE,SO3,SP,0.005,0.01,2021-04-16D14:29:53.627924790
SONU21-SONZ21,CURVE,SON,SP,0.005,,2021-04-16D14:33:01.141619692
L:BND2:M21,ICE,L,FB,0.25,,2021-04-16D14:31:47.803016422
IM2-IH3,ICE,I,SP,0.005,0.05,2021-04-16D14:35:16.982638312
IH2-IH3,ICE,I,SP,0.005,0.055,2021-04-16D14:35:15.049554688
EUIM22-EUIH23,CURVE,EUI,SP,0.005,,2021-04-16D14:35:15.806689771
EUIH22-EUIH23,CURVE,EUI,SP,0.005,,2021-04-16D14:35:15.806689771
EUIH22,CURVE,EUI,OT,0.005,100.54,2021-04-16D14:35:15.806689771
SONH27,CURVE,SON,OT,0.005,98.95,2021-04-16D14:35:17.344033698
SNAH27,CURVE,SNA,OT,0.005,98.95,2021-04-16D14:35:17.344033698
LM2-LU2,ICE,L,SP,0.005,0.05,2021-04-16D14:29:53.597063848
STLM22-STLU22,CURVE,STL,SP,0.005,,2021-04-16D14:35:17.115861899
LU6,ICE,L,OT,0.005,98.875,2021-04-16D14:29:53.661869352
LM6,ICE,L,OT,0.005,98.905,2021-04-16D14:29:42.971049235
L:FBUT:H26+M26+U26,ICE,L,BF,0.005,,2021-04-16D14:29:53.601952081
SO3U6,ICE,SO3,OT,0.005,98.995,2021-04-16D14:34:41.554437577
SO3H6,ICE,SO3,OT,0.005,99.065,2021-04-16D14:35:17.355587093
SO3:FBUT:H26+M26+U26,ICE,SO3,BF,0.005,,2021-04-16D14:29:53.606231399
STGM26,CURVE,STG,OT,0.005,98.92,2021-04-16D14:35:12.213770062
STG+13U-33Z+34H-14M,CURVE,STG,DF,0.005,,2021-04-16D14:35:20.787626264
STL+13U-33Z+34H-14M,CURVE,STL,DF,0.005,,2021-04-16D14:35:20.798325958
STGZ25,CURVE,STG,OT,0.005,98.99,2021-04-16D14:34:08.318039188
SONZ26,CURVE,SON,OT,0.005,98.975,2021-04-16D14:33:01.110490815
SNAZ26,CURVE,SNA,OT,0.005,98.975,2021-04-16D14:32:35.895792254
STGH27,CURVE,STG,OT,0.005,98.82,2021-04-16D14:35:17.344033698
ZQU2,CME,ZQ,OT,0.5,9984.5,2021-04-16D14:35:12.144396180
ZQU1,CME,ZQ,OT,0.5,9991,2021-04-16D14:35:18.800096751
SR1U1-ZQU1,CME,SR1,IS,0.5,4.5,2021-04-16D14:35:21.054842190
ZQX1,CME,ZQ,OT,0.5,9991,2021-04-16D14:35:22.260611591
SR1X1-ZQX1,CME,SR1,IS,0.5,4,2021-04-16D14:34:09.023259277
SF1V1,ICE,SF1,OT,0.0025,99.955,2021-04-16D14:31:22.440143216
SF1U1-SF1V1,ICE,SF1,SP,0.0025,0,2021-04-16D14:20:28.678163807
SF1U1,ICE,SF1,OT,0.0025,99.955,2021-04-16D14:31:22.440143216
ZQN1,CME,ZQ,OT,0.5,9991,2021-04-16D14:35:18.933080526
SR1N1-ZQN1,CME,SR1,IS,0.5,5,2021-04-16D14:35:18.563965437
ZQM1,CME,ZQ,OT,0.5,9991.5,2021-04-16D14:35:20.789383115
SR1M1-ZQM1,CME,SR1,IS,0.5,4.5,2021-04-16D14:35:20.789392231
SF1Q1,ICE,SF1,OT,0.0025,99.9575,2021-04-16D14:26:25.981656144
GE:FB 03Y M1,CME,GE,FB,0.25,0,2021-04-16D14:35:23.285693031
GE:PK 01Y M5,CME,GE,PK,0.25,0,2021-04-16D14:35:24.230122534
GE:PK 01Y M1,CME,GE,PK,0.25,0,2021-04-16D14:35:25.267315527
ZQJ1,CME,ZQ,OT,0.25,9993.25,2021-04-16D14:33:40.579408351
SR1J1-ZQJ1,CME,SR1,IS,0.25,5.5,2021-04-16D14:33:40.577772818
AMB1H3,CFE,AMB1,OT,0.25,9968.75,2021-04-16D14:35:09.090240920
AMB1K1,CFE,AMB1,OT,0.25,9990.875,2021-04-16D14:00:03.764604522
AMB1N1,CFE,AMB1,OT,0.25,9990.875,2021-04-16D14:00:03.765923809
AMB1M1,CFE,AMB1,OT,0.25,9990.875,2021-04-16D14:00:03.765837696
AMB3M1,CFE,AMB3,OT,0.25,9990.625,2021-04-16D14:28:28.629358296
GE:PS M4-M5,CME,GE,PS,0.25,0,2021-04-16D14:35:21.901118496
I:FBUT:Z23+M24+Z24,ICE,I,BF,0.005,,2021-04-16D14:35:14.592917433
IZ3-IM4,ICE,I,SP,0.005,0.09,2021-04-16D14:35:14.586933361
IH2-IM2,ICE,I,SP,0.005,0.005,2021-04-16D14:34:21.137387888
EUIH22-EUIM22,CURVE,EUI,SP,0.005,,2021-04-16D14:35:15.810839824
L:FBUT:M21+U21+Z21,ICE,L,BF,0.005,,2021-04-16D14:32:58.474220432
STL:BF M21-U21-Z21,CURVE,STL,BF,0.005,,2021-04-16D14:33:01.121397172
SR3U1-GEU1,CME,SR3,IS,0.5,14,2021-04-16D14:35:25.667918437
LZ1-LH2,ICE,L,SP,0.005,0.075,2021-04-16D14:33:46.049783362
STL:BF Z21-H22-M22,CURVE,STL,BF,0.005,,2021-04-16D14:33:08.594296462
L:FBUT:Z21+H22+M22,ICE,L,BF,0.005,,2021-04-16D14:29:53.600663431
STL:BF U21-Z21-H22,CURVE,STL,BF,0.005,,2021-04-16D14:35:17.110798624
L:FBUT:U21+Z21+H22,ICE,L,BF,0.005,,2021-04-16D12:30:52.744393667
LU4-LH5,ICE,L,SP,0.005,0.09,2021-04-16D14:34:08.380921564
STLU24-STLH25,CURVE,STL,SP,0.005,,2021-04-16D14:35:17.115861899
SONM3,CME,SON,OT,0.25,9964,1970-01-01D00:00:00.000000000
SONH3-SONM3,CME,SON,SP,0.25,7.5,2021-04-16D14:29:49.643074582
SNAM23-SNAU23,CURVE,SNA,SP,0.005,,2021-04-16D14:35:16.974731768
SONM23-SONU23,CURVE,SON,SP,0.005,,2021-04-16D14:35:16.973350218
STL+13H-33M+33U-13Z,CURVE,STL,DF,0.005,,2021-04-16D14:35:20.798485966
STG+13H-33M+33U-13Z,CURVE,STG,DF,0.005,,2021-04-16D14:35:20.787626264
